Entity,Code,Year,gas_reserves
Africa,,1980,5.7457E+12
Africa,,1981,5.67284E+12
Africa,,1982,6.03021E+12
Africa,,1983,6.03294E+12
Africa,,1984,5.96409E+12
Africa,,1985,5.91375E+12
Africa,,1986,7.09311E+12
Africa,,1987,7.07461E+12
Africa,,1988,7.35198E+12
Africa,,1989,8.10405E+12
Africa,,1990,8.17918E+12
Africa,,1991,9.08071E+12
Africa,,1992,9.4497E+12
Africa,,1993,9.56595E+12
Africa,,1994,8.71909E+12
Africa,,1995,9.48623E+12
Africa,,1996,9.71649E+12
Africa,,1997,1.01522E+13
Africa,,1998,1.02946E+13
Africa,,1999,1.09423E+13
Africa,,2000,1.19251E+13
Africa,,2001,1.25468E+13
Africa,,2002,1.31523E+13
Africa,,2003,1.33664E+13
Africa,,2004,1.35818E+13
Africa,,2005,1.35784E+13
Africa,,2006,1.36495E+13
Africa,,2007,1.39236E+13
Africa,,2008,1.40278E+13
Africa,,2009,1.41484E+13
Africa,,2010,1.40098E+13
Africa,,2011,1.40949E+13
Africa,,2012,1.40321E+13
Africa,,2013,1.39674E+13
Africa,,2014,1.41367E+13
Africa,,2015,1.39848E+13
Africa,,2016,1.44185E+13
Africa,,2017,1.45358E+13
Africa,,2018,1.4596E+13
Africa,,2019,1.4946E+13
Africa,,2020,1.28881E+13
Africa (BP),,1980,5.7457E+12
Africa (BP),,1981,5.67284E+12
Africa (BP),,1982,6.03021E+12
Africa (BP),,1983,6.03294E+12
Africa (BP),,1984,5.96409E+12
Africa (BP),,1985,5.91375E+12
Africa (BP),,1986,7.09311E+12
Africa (BP),,1987,7.07461E+12
Africa (BP),,1988,7.35198E+12
Africa (BP),,1989,8.10405E+12
Africa (BP),,1990,8.17918E+12
Africa (BP),,1991,9.08071E+12
Africa (BP),,1992,9.4497E+12
Africa (BP),,1993,9.56595E+12
Africa (BP),,1994,8.71909E+12
Africa (BP),,1995,9.48623E+12
Africa (BP),,1996,9.71649E+12
Africa (BP),,1997,1.01522E+13
Africa (BP),,1998,1.02946E+13
Africa (BP),,1999,1.09423E+13
Africa (BP),,2000,1.19251E+13
Africa (BP),,2001,1.25468E+13
Africa (BP),,2002,1.31523E+13
Africa (BP),,2003,1.33664E+13
Africa (BP),,2004,1.35818E+13
Africa (BP),,2005,1.35784E+13
Africa (BP),,2006,1.36495E+13
Africa (BP),,2007,1.39236E+13
Africa (BP),,2008,1.40278E+13
Africa (BP),,2009,1.41484E+13
Africa (BP),,2010,1.40098E+13
Africa (BP),,2011,1.40949E+13
Africa (BP),,2012,1.40321E+13
Africa (BP),,2013,1.39674E+13
Africa (BP),,2014,1.41367E+13
Africa (BP),,2015,1.39848E+13
Africa (BP),,2016,1.44185E+13
Africa (BP),,2017,1.45358E+13
Africa (BP),,2018,1.4596E+13
Africa (BP),,2019,1.4946E+13
Africa (BP),,2020,1.28881E+13
Algeria,DZA,1980,3.58146E+12
Algeria,DZA,1981,3.54008E+12
Algeria,DZA,1982,3.47751E+12
Algeria,DZA,1983,3.39859E+12
Algeria,DZA,1984,3.31293E+12
Algeria,DZA,1985,3.22341E+12
Algeria,DZA,1986,3.13679E+12
Algeria,DZA,1987,3.04439E+12
Algeria,DZA,1988,3.11273E+12
Algeria,DZA,1989,3.12813E+12
Algeria,DZA,1990,3.17625E+12
Algeria,DZA,1991,3.49003E+12
Algeria,DZA,1992,3.51313E+12
Algeria,DZA,1993,3.56125E+12
Algeria,DZA,1994,2.85189E+12
Algeria,DZA,1995,3.55163E+12
Algeria,DZA,1996,3.56125E+12
Algeria,DZA,1997,3.92411E+12
Algeria,DZA,1998,3.92411E+12
Algeria,DZA,1999,4.3505E+12
Algeria,DZA,2000,4.35339E+12
Algeria,DZA,2001,4.35339E+12
Algeria,DZA,2002,4.35339E+12
Algeria,DZA,2003,4.37456E+12
Algeria,DZA,2004,4.37456E+12
Algeria,DZA,2005,4.33529E+12
Algeria,DZA,2006,4.33529E+12
Algeria,DZA,2007,4.3351E+12
Algeria,DZA,2008,4.3351E+12
Algeria,DZA,2009,4.3351E+12
Algeria,DZA,2010,4.3351E+12
Algeria,DZA,2011,4.3351E+12
Algeria,DZA,2012,4.33501E+12
Algeria,DZA,2013,4.33501E+12
Algeria,DZA,2014,4.3351E+12
Algeria,DZA,2015,4.3351E+12
Algeria,DZA,2016,4.3351E+12
Algeria,DZA,2017,4.3351E+12
Algeria,DZA,2018,4.3351E+12
Algeria,DZA,2019,4.3351E+12
Algeria,DZA,2020,2.2792E+12
Argentina,ARG,1980,6.24975E+11
Argentina,ARG,1981,6.318E+11
Argentina,ARG,1982,6.747E+11
Argentina,ARG,1983,6.62025E+11
Argentina,ARG,1984,6.513E+11
Argentina,ARG,1985,6.63975E+11
Argentina,ARG,1986,6.54225E+11
Argentina,ARG,1987,6.75675E+11
Argentina,ARG,1988,7.53675E+11
Argentina,ARG,1989,6.54225E+11
Argentina,ARG,1990,6.435E+11
Argentina,ARG,1991,6.26925E+11
Argentina,ARG,1992,5.27475E+11
Argentina,ARG,1993,5.04075E+11
Argentina,ARG,1994,5.21625E+11
Argentina,ARG,1995,6.03525E+11
Argentina,ARG,1996,6.2595E+11
Argentina,ARG,1997,6.669E+11
Argentina,ARG,1998,6.69825E+11
Argentina,ARG,1999,7.10775E+11
Argentina,ARG,2000,7.5855E+11
Argentina,ARG,2001,7.449E+11
Argentina,ARG,2002,6.474E+11
Argentina,ARG,2003,5.967E+11
Argentina,ARG,2004,5.2845E+11
Argentina,ARG,2005,4.28025E+11
Argentina,ARG,2006,4.3485E+11
Argentina,ARG,2007,4.2982E+11
Argentina,ARG,2008,3.87569E+11
Argentina,ARG,2009,3.68265E+11
Argentina,ARG,2010,3.48847E+11
Argentina,ARG,2011,3.23366E+11
Argentina,ARG,2012,3.06831E+11
Argentina,ARG,2013,3.19233E+11
Argentina,ARG,2014,3.23081E+11
Argentina,ARG,2015,3.40846E+11
Argentina,ARG,2016,3.2741E+11
Argentina,ARG,2017,3.45684E+11
Argentina,ARG,2018,3.60488E+11
Argentina,ARG,2019,3.85568E+11
Argentina,ARG,2020,3.85568E+11
Asia,,1980,2.78495E+13
Asia,,1981,2.853E+13
Asia,,1982,2.97023E+13
Asia,,1983,3.03011E+13
Asia,,1984,3.20503E+13
Asia,,1985,3.26237E+13
Asia,,1986,3.57376E+13
Asia,,1987,3.66407E+13
Asia,,1988,3.98635E+13
Asia,,1989,4.37939E+13
Asia,,1990,4.43379E+13
Asia,,1991,4.81476E+13
Asia,,1992,4.95645E+13
Asia,,1993,5.02075E+13
Asia,,1994,5.13715E+13
Asia,,1995,5.12706E+13
Asia,,1996,5.45528E+13
Asia,,1997,5.99864E+13
Asia,,1998,6.41405E+13
Asia,,1999,6.70518E+13
Asia,,2000,7.17855E+13
Asia,,2001,8.40772E+13
Asia,,2002,8.50016E+13
Asia,,2003,8.57216E+13
Asia,,2004,8.60888E+13
Asia,,2005,8.42692E+13
Asia,,2006,8.57069E+13
Asia,,2007,9.20592E+13
Asia,,2008,9.40543E+13
Asia,,2009,9.61543E+13
Asia,,2010,1.05537E+14
Asia,,2011,1.0643E+14
Asia,,2012,1.05486E+14
Asia,,2013,1.05092E+14
Asia,,2014,1.06636E+14
Asia,,2015,1.06582E+14
Asia,,2016,1.08496E+14
Asia,,2017,1.06732E+14
Asia,,2018,1.0788E+14
Asia,,2019,1.09193E+14
Asia,,2020,1.09024E+14
Asia Pacific (BP),,1980,3.96051E+12
Asia Pacific (BP),,1981,4.5654E+12
Asia Pacific (BP),,1982,5.0118E+12
Asia Pacific (BP),,1983,5.10708E+12
Asia Pacific (BP),,1984,5.8637E+12
Asia Pacific (BP),,1985,6.18946E+12
Asia Pacific (BP),,1986,6.79989E+12
Asia Pacific (BP),,1987,7.10408E+12
Asia Pacific (BP),,1988,7.28944E+12
Asia Pacific (BP),,1989,7.86938E+12
Asia Pacific (BP),,1990,8.25134E+12
Asia Pacific (BP),,1991,7.50983E+12
Asia Pacific (BP),,1992,7.77121E+12
Asia Pacific (BP),,1993,7.98189E+12
Asia Pacific (BP),,1994,8.28166E+12
Asia Pacific (BP),,1995,8.23397E+12
Asia Pacific (BP),,1996,7.93248E+12
Asia Pacific (BP),,1997,8.25144E+12
Asia Pacific (BP),,1998,9.08231E+12
Asia Pacific (BP),,1999,9.39021E+12
Asia Pacific (BP),,2000,9.81505E+12
Asia Pacific (BP),,2001,1.03443E+13
Asia Pacific (BP),,2002,1.03175E+13
Asia Pacific (BP),,2003,1.03925E+13
Asia Pacific (BP),,2004,1.07598E+13
Asia Pacific (BP),,2005,1.08695E+13
Asia Pacific (BP),,2006,1.11686E+13
Asia Pacific (BP),,2007,1.22358E+13
Asia Pacific (BP),,2008,1.37068E+13
Asia Pacific (BP),,2009,1.39112E+13
Asia Pacific (BP),,2010,1.35218E+13
Asia Pacific (BP),,2011,1.37634E+13
Asia Pacific (BP),,2012,1.38808E+13
Asia Pacific (BP),,2013,1.42332E+13
Asia Pacific (BP),,2014,1.40417E+13
Asia Pacific (BP),,2015,1.46541E+13
Asia Pacific (BP),,2016,1.54555E+13
Asia Pacific (BP),,2017,1.59748E+13
Asia Pacific (BP),,2018,1.60819E+13
Asia Pacific (BP),,2019,1.67849E+13
Asia Pacific (BP),,2020,1.656E+13
Australia,AUS,1980,1.41336E+11
Australia,AUS,1981,3.56382E+11
Australia,AUS,1982,4.9998E+11
Australia,AUS,1983,4.9062E+11
Australia,AUS,1984,5.3742E+11
Australia,AUS,1985,5.5302E+11
Australia,AUS,1986,7.0356E+11
Australia,AUS,1987,8.3382E+11
Australia,AUS,1988,8.0574E+11
Australia,AUS,1989,7.449E+11
Australia,AUS,1990,7.2306E+11
Australia,AUS,1991,7.41E+11
Australia,AUS,1992,7.8468E+11
Australia,AUS,1993,7.7376E+11
Australia,AUS,1994,1.00776E+12
Australia,AUS,1995,9.8592E+11
Australia,AUS,1996,1.0608E+12
Australia,AUS,1997,1.16532E+12
Australia,AUS,1998,1.55142E+12
Australia,AUS,1999,1.55142E+12
Australia,AUS,2000,1.71834E+12
Australia,AUS,2001,2.08026E+12
Australia,AUS,2002,1.97184E+12
Australia,AUS,2003,1.85766E+12
Australia,AUS,2004,1.81164E+12
Australia,AUS,2005,1.83582E+12
Australia,AUS,2006,1.85198E+12
Australia,AUS,2007,1.78828E+12
Australia,AUS,2008,2.74326E+12
Australia,AUS,2009,2.75344E+12
Australia,AUS,2010,2.85967E+12
Australia,AUS,2011,2.81482E+12
Australia,AUS,2012,2.81944E+12
Australia,AUS,2013,2.82038E+12
Australia,AUS,2014,2.38611E+12
Australia,AUS,2015,2.3896E+12
Australia,AUS,2016,2.3896E+12
Australia,AUS,2017,2.3896E+12
Australia,AUS,2018,2.3896E+12
Australia,AUS,2019,2.3896E+12
Australia,AUS,2020,2.3896E+12
Azerbaijan,AZE,1997,6.55689E+11
Azerbaijan,AZE,1998,6.55689E+11
Azerbaijan,AZE,1999,9.902E+11
Azerbaijan,AZE,2000,9.902E+11
Azerbaijan,AZE,2001,9.902E+11
Azerbaijan,AZE,2002,9.902E+11
Azerbaijan,AZE,2003,9.902E+11
Azerbaijan,AZE,2004,9.902E+11
Azerbaijan,AZE,2005,9.902E+11
Azerbaijan,AZE,2006,9.902E+11
Azerbaijan,AZE,2007,9.97966E+11
Azerbaijan,AZE,2008,1.05544E+12
Azerbaijan,AZE,2009,1.01738E+12
Azerbaijan,AZE,2010,1.02092E+12
Azerbaijan,AZE,2011,1.02092E+12
Azerbaijan,AZE,2012,1.02092E+12
Azerbaijan,AZE,2013,945809000
Azerbaijan,AZE,2014,1.33922E+12
Azerbaijan,AZE,2015,1.31874E+12
Azerbaijan,AZE,2016,1.31874E+12
Azerbaijan,AZE,2017,1.31874E+12
Azerbaijan,AZE,2018,2.09489E+12
Azerbaijan,AZE,2019,2.50365E+12
Azerbaijan,AZE,2020,2.50365E+12
Bahrain,BHR,1980,5.69686E+11
Bahrain,BHR,1981,5.50126E+11
Bahrain,BHR,1982,5.42791E+11
Bahrain,BHR,1983,5.33011E+11
Bahrain,BHR,1984,5.23231E+11
Bahrain,BHR,1985,5.11006E+11
Bahrain,BHR,1986,4.98781E+11
Bahrain,BHR,1987,4.84111E+11
Bahrain,BHR,1988,4.64551E+11
Bahrain,BHR,1989,4.47436E+11
Bahrain,BHR,1990,4.32765E+11
Bahrain,BHR,1991,4.22985E+11
Bahrain,BHR,1992,4.08315E+11
Bahrain,BHR,1993,3.88755E+11
Bahrain,BHR,1994,3.74085E+11
Bahrain,BHR,1995,3.59415E+11
Bahrain,BHR,1996,3.4719E+11
Bahrain,BHR,1997,3.4719E+11
Bahrain,BHR,1998,3.4719E+11
Bahrain,BHR,1999,2.8851E+11
Bahrain,BHR,2000,2.6895E+11
Bahrain,BHR,2001,2.6895E+11
Bahrain,BHR,2002,2.6895E+11
Bahrain,BHR,2003,2.2494E+11
Bahrain,BHR,2004,2.2005E+11
Bahrain,BHR,2005,2.2005E+11
Bahrain,BHR,2006,2.2005E+11
Bahrain,BHR,2007,2.07825E+11
Bahrain,BHR,2008,2.2005E+11
Bahrain,BHR,2009,2.2005E+11
Bahrain,BHR,2010,2.07999E+11
Bahrain,BHR,2011,2.07999E+11
Bahrain,BHR,2012,1.89356E+11
Bahrain,BHR,2013,1.80989E+11
Bahrain,BHR,2014,1.72201E+11
Bahrain,BHR,2015,1.63461E+11
Bahrain,BHR,2016,1.7379E+11
Bahrain,BHR,2017,1.8247E+11
Bahrain,BHR,2018,1.82927E+11
Bahrain,BHR,2019,77313500000
Bahrain,BHR,2020,64831430000
Bangladesh,BGD,1980,2.7885E+11
Bangladesh,BGD,1981,3.09075E+11
Bangladesh,BGD,1982,3.30525E+11
Bangladesh,BGD,1983,3.03225E+11
Bangladesh,BGD,1984,3.44175E+11
Bangladesh,BGD,1985,3.44175E+11
Bangladesh,BGD,1986,3.4515E+11
Bangladesh,BGD,1987,3.4515E+11
Bangladesh,BGD,1988,3.4125E+11
Bangladesh,BGD,1989,7.06875E+11
Bangladesh,BGD,1990,7.06875E+11
Bangladesh,BGD,1991,7.02E+11
Bangladesh,BGD,1992,2.95425E+11
Bangladesh,BGD,1993,2.89575E+11
Bangladesh,BGD,1994,2.93475E+11
Bangladesh,BGD,1995,2.652E+11
Bangladesh,BGD,1996,2.925E+11
Bangladesh,BGD,1997,2.89575E+11
Bangladesh,BGD,1998,2.89575E+11
Bangladesh,BGD,1999,3.14925E+11
Bangladesh,BGD,2000,2.9835E+11
Bangladesh,BGD,2001,3.315E+11
Bangladesh,BGD,2002,3.315E+11
Bangladesh,BGD,2003,4.22175E+11
Bangladesh,BGD,2004,4.1145E+11
Bangladesh,BGD,2005,3.96825E+11
Bangladesh,BGD,2006,3.73425E+11
Bangladesh,BGD,2007,3.6465E+11
Bangladesh,BGD,2008,3.354E+11
Bangladesh,BGD,2009,3.549E+11
Bangladesh,BGD,2010,3.4515E+11
Bangladesh,BGD,2011,3.40275E+11
Bangladesh,BGD,2012,2.65376E+11
Bangladesh,BGD,2013,2.43715E+11
Bangladesh,BGD,2014,2.23447E+11
Bangladesh,BGD,2015,1.97676E+11
Bangladesh,BGD,2016,1.77891E+11
Bangladesh,BGD,2017,1.62362E+11
Bangladesh,BGD,2018,1.20421E+11
Bangladesh,BGD,2019,1.10227E+11
Bangladesh,BGD,2020,1.10227E+11
Bolivia,BOL,1980,1.20143E+11
Bolivia,BOL,1981,1.55751E+11
Bolivia,BOL,1982,1.33942E+11
Bolivia,BOL,1983,1.28345E+11
Bolivia,BOL,1984,1.2931E+11
Bolivia,BOL,1985,1.3124E+11
Bolivia,BOL,1986,1.36065E+11
Bolivia,BOL,1987,1.1223E+11
Bolivia,BOL,1988,1.13774E+11
Bolivia,BOL,1989,1.13388E+11
Bolivia,BOL,1990,1.09431E+11
Bolivia,BOL,1991,1.14063E+11
Bolivia,BOL,1992,1.06633E+11
Bolivia,BOL,1993,1.04124E+11
Bolivia,BOL,1994,1.05764E+11
Bolivia,BOL,1995,1.05764E+11
Bolivia,BOL,1996,1.03838E+11
Bolivia,BOL,1997,1.14768E+11
Bolivia,BOL,1998,1.44827E+11
Bolivia,BOL,1999,1.44827E+11
Bolivia,BOL,2000,1.88354E+11
Bolivia,BOL,2001,2.16844E+11
Bolivia,BOL,2002,2.27132E+11
Bolivia,BOL,2003,2.18427E+11
Bolivia,BOL,2004,2.11304E+11
Bolivia,BOL,2005,2.07508E+11
Bolivia,BOL,2006,2.0347E+11
Bolivia,BOL,2007,1.99275E+11
Bolivia,BOL,2008,2.71648E+11
Bolivia,BOL,2009,2.71648E+11
Bolivia,BOL,2010,2.71648E+11
Bolivia,BOL,2011,2.71648E+11
Bolivia,BOL,2012,3.06049E+11
Bolivia,BOL,2013,2.86921E+11
Bolivia,BOL,2014,2.70525E+11
Bolivia,BOL,2015,2.70525E+11
Bolivia,BOL,2016,2.92418E+11
Bolivia,BOL,2017,2.47025E+11
Bolivia,BOL,2018,2.29946E+11
Bolivia,BOL,2019,2.12868E+11
Bolivia,BOL,2020,2.12868E+11
Brazil,BRA,1980,51675000000
Brazil,BRA,1981,58500000000
Brazil,BRA,1982,70200000000
Brazil,BRA,1983,79950000000
Brazil,BRA,1984,81900000000
Brazil,BRA,1985,90675000000
Brazil,BRA,1986,93600000000
Brazil,BRA,1987,1.02375E+11
Brazil,BRA,1988,1.06275E+11
Brazil,BRA,1989,1.131E+11
Brazil,BRA,1990,1.12125E+11
Brazil,BRA,1991,1.209E+11
Brazil,BRA,1992,1.29675E+11
Brazil,BRA,1993,1.33575E+11
Brazil,BRA,1994,1.4235E+11
Brazil,BRA,1995,1.5015E+11
Brazil,BRA,1996,1.5405E+11
Brazil,BRA,1997,2.223E+11
Brazil,BRA,1998,2.2035E+11
Brazil,BRA,1999,2.25225E+11
Brazil,BRA,2000,2.15475E+11
Brazil,BRA,2001,2.26655E+11
Brazil,BRA,2002,2.52128E+11
Brazil,BRA,2003,2.52945E+11
Brazil,BRA,2004,3.36192E+11
Brazil,BRA,2005,3.15893E+11
Brazil,BRA,2006,3.58688E+11
Brazil,BRA,2007,3.76305E+11
Brazil,BRA,2008,3.75527E+11
Brazil,BRA,2009,3.78474E+11
Brazil,BRA,2010,4.36116E+11
Brazil,BRA,2011,4.73645E+11
Brazil,BRA,2012,4.73422E+11
Brazil,BRA,2013,4.72366E+11
Brazil,BRA,2014,4.85698E+11
Brazil,BRA,2015,4.43286E+11
Brazil,BRA,2016,3.89106E+11
Brazil,BRA,2017,3.80884E+11
Brazil,BRA,2018,3.80347E+11
Brazil,BRA,2019,3.75279E+11
Brazil,BRA,2020,3.48528E+11
Brunei,BRN,1980,2.01825E+11
Brunei,BRN,1981,2.067E+11
Brunei,BRN,1982,2.15475E+11
Brunei,BRN,1983,2.1255E+11
Brunei,BRN,1984,2.3205E+11
Brunei,BRN,1985,2.3205E+11
Brunei,BRN,1986,3.315E+11
Brunei,BRN,1987,3.22725E+11
Brunei,BRN,1988,3.1395E+11
Brunei,BRN,1989,3.09075E+11
Brunei,BRN,1990,3.22725E+11
Brunei,BRN,1991,3.861E+11
Brunei,BRN,1992,3.9E+11
Brunei,BRN,1993,3.9E+11
Brunei,BRN,1994,3.9E+11
Brunei,BRN,1995,3.9E+11
Brunei,BRN,1996,3.9E+11
Brunei,BRN,1997,3.81225E+11
Brunei,BRN,1998,3.7245E+11
Brunei,BRN,1999,3.6465E+11
Brunei,BRN,2000,3.5685E+11
Brunei,BRN,2001,3.471E+11
Brunei,BRN,2002,3.4125E+11
Brunei,BRN,2003,3.36375E+11
Brunei,BRN,2004,3.36375E+11
Brunei,BRN,2005,3.24675E+11
Brunei,BRN,2006,3.12975E+11
Brunei,BRN,2007,3.12975E+11
Brunei,BRN,2008,3.12975E+11
Brunei,BRN,2009,3.01275E+11
Brunei,BRN,2010,2.93707E+11
Brunei,BRN,2011,2.808E+11
Brunei,BRN,2012,2.691E+11
Brunei,BRN,2013,2.6325E+11
Brunei,BRN,2014,2.56425E+11
Brunei,BRN,2015,2.5155E+11
Brunei,BRN,2016,2.457E+11
Brunei,BRN,2017,2.34E+11
Brunei,BRN,2018,2.223E+11
Brunei,BRN,2019,2.223E+11
Brunei,BRN,2020,2.223E+11
CIS (BP),,1980,2.04693E+13
CIS (BP),,1981,2.17486E+13
CIS (BP),,1982,2.23883E+13
CIS (BP),,1983,2.3028E+13
CIS (BP),,1984,2.39875E+13
CIS (BP),,1985,2.55866E+13
CIS (BP),,1986,2.62263E+13
CIS (BP),,1987,2.66741E+13
CIS (BP),,1988,2.71858E+13
CIS (BP),,1989,3.32626E+13
CIS (BP),,1990,3.4881E+13
CIS (BP),,1991,3.63256E+13
CIS (BP),,1992,3.71208E+13
CIS (BP),,1993,3.81444E+13
CIS (BP),,1994,3.83607E+13
CIS (BP),,1995,3.78347E+13
CIS (BP),,1996,3.73647E+13
CIS (BP),,1997,3.85679E+13
CIS (BP),,1998,3.84218E+13
CIS (BP),,1999,3.83916E+13
CIS (BP),,2000,3.85972E+13
CIS (BP),,2001,3.88018E+13
CIS (BP),,2002,3.93553E+13
CIS (BP),,2003,3.92178E+13
CIS (BP),,2004,3.90754E+13
CIS (BP),,2005,3.9223E+13
CIS (BP),,2006,3.92227E+13
CIS (BP),,2007,4.32587E+13
CIS (BP),,2008,4.33513E+13
CIS (BP),,2009,4.55676E+13
CIS (BP),,2010,5.13305E+13
CIS (BP),,2011,5.16734E+13
CIS (BP),,2012,5.18254E+13
CIS (BP),,2013,5.11086E+13
CIS (BP),,2014,5.25517E+13
CIS (BP),,2015,5.24393E+13
CIS (BP),,2016,5.28589E+13
CIS (BP),,2017,5.59139E+13
CIS (BP),,2018,5.64427E+13
CIS (BP),,2019,5.67671E+13
CIS (BP),,2020,5.66017E+13
Canada,CAN,1980,2.4297E+12
Canada,CAN,1981,2.49893E+12
Canada,CAN,1982,2.52623E+12
Canada,CAN,1983,2.54768E+12
Canada,CAN,1984,2.73878E+12
Canada,CAN,1985,2.7144E+12
Canada,CAN,1986,2.67735E+12
Canada,CAN,1987,2.62568E+12
Canada,CAN,1988,2.60423E+12
Canada,CAN,1989,2.6637E+12
Canada,CAN,1990,2.65688E+12
Canada,CAN,1991,2.64323E+12
Canada,CAN,1992,2.6052E+12
Canada,CAN,1993,2.1762E+12
Canada,CAN,1994,1.85055E+12
Canada,CAN,1995,1.88078E+12
Canada,CAN,1996,1.89345E+12
Canada,CAN,1997,1.76378E+12
Canada,CAN,1998,1.7043E+12
Canada,CAN,1999,1.67603E+12
Canada,CAN,2000,1.64093E+12
Canada,CAN,2001,1.65165E+12
Canada,CAN,2002,1.6224E+12
Canada,CAN,2003,1.56293E+12
Canada,CAN,2004,1.56E+12
Canada,CAN,2005,1.55501E+12
Canada,CAN,2006,1.56183E+12
Canada,CAN,2007,1.55622E+12
Canada,CAN,2008,1.67091E+12
Canada,CAN,2009,1.6454E+12
Canada,CAN,2010,1.88307E+12
Canada,CAN,2011,1.82929E+12
Canada,CAN,2012,1.90448E+12
Canada,CAN,2013,1.93139E+12
Canada,CAN,2014,1.89285E+12
Canada,CAN,2015,2.06814E+12
Canada,CAN,2016,1.99563E+12
Canada,CAN,2017,1.98405E+12
Canada,CAN,2018,1.91251E+12
Canada,CAN,2019,1.99407E+12
Canada,CAN,2020,2.35396E+12
China,CHN,1980,7.08328E+11
China,CHN,1981,7.04902E+11
China,CHN,1982,8.65858E+11
China,CHN,1983,8.79968E+11
China,CHN,1984,8.96799E+11
China,CHN,1985,8.78859E+11
China,CHN,1986,8.71804E+11
China,CHN,1987,9.01032E+11
China,CHN,1988,9.29354E+11
China,CHN,1989,1.03085E+12
China,CHN,1990,1.00686E+12
China,CHN,1991,1.00968E+12
China,CHN,1992,1.4099E+12
China,CHN,1993,1.68384E+12
China,CHN,1994,1.68283E+12
China,CHN,1995,1.68283E+12
China,CHN,1996,1.17961E+12
China,CHN,1997,1.16943E+12
China,CHN,1998,1.37765E+12
China,CHN,1999,1.37765E+12
China,CHN,2000,1.37765E+12
China,CHN,2001,1.37846E+12
China,CHN,2002,1.27797E+12
China,CHN,2003,1.34663E+12
China,CHN,2004,1.45955E+12
China,CHN,2005,1.54664E+12
China,CHN,2006,1.69675E+12
China,CHN,2007,2.27284E+12
China,CHN,2008,2.7106E+12
China,CHN,2009,2.86821E+12
China,CHN,2010,2.74709E+12
China,CHN,2011,2.929E+12
China,CHN,2012,3.13986E+12
China,CHN,2013,3.37452E+12
China,CHN,2014,3.57644E+12
China,CHN,2015,4.6794E+12
China,CHN,2016,5.47931E+12
China,CHN,2017,6.0703E+12
China,CHN,2018,6.36393E+12
China,CHN,2019,8.39855E+12
China,CHN,2020,8.39855E+12
Colombia,COL,1980,1.1895E+11
Colombia,COL,1981,1.1895E+11
Colombia,COL,1982,1.17E+11
Colombia,COL,1983,1.10175E+11
Colombia,COL,1984,1.06275E+11
Colombia,COL,1985,1.04325E+11
Colombia,COL,1986,1.10175E+11
Colombia,COL,1987,94575000000
Colombia,COL,1988,1.23825E+11
Colombia,COL,1989,1.06275E+11
Colombia,COL,1990,98475000000
Colombia,COL,1991,96525000000
Colombia,COL,1992,1.80375E+11
Colombia,COL,1993,2.05725E+11
Colombia,COL,1994,2.0865E+11
Colombia,COL,1995,2.11575E+11
Colombia,COL,1996,2.11575E+11
Colombia,COL,1997,1.911E+11
Colombia,COL,1998,1.911E+11
Colombia,COL,1999,1.833E+11
Colombia,COL,2000,1.25775E+11
Colombia,COL,2001,1.248E+11
Colombia,COL,2002,1.17E+11
Colombia,COL,2003,1.1115E+11
Colombia,COL,2004,1.16025E+11
Colombia,COL,2005,1.10175E+11
Colombia,COL,2006,1.19925E+11
Colombia,COL,2007,1.20271E+11
Colombia,COL,2008,1.19486E+11
Colombia,COL,2009,1.29107E+11
Colombia,COL,2010,1.47313E+11
Colombia,COL,2011,1.48894E+11
Colombia,COL,2012,1.56089E+11
Colombia,COL,2013,1.5012E+11
Colombia,COL,2014,1.29706E+11
Colombia,COL,2015,1.18859E+11
Colombia,COL,2016,1.09665E+11
Colombia,COL,2017,1.06185E+11
Colombia,COL,2018,1.03078E+11
Colombia,COL,2019,86207464000
Colombia,COL,2020,86207464000
Denmark,DNK,1980,85485000000
Denmark,DNK,1981,85485000000
Denmark,DNK,1982,85485000000
Denmark,DNK,1983,1.02165E+11
Denmark,DNK,1984,1.07378E+11
Denmark,DNK,1985,94867500000
Denmark,DNK,1986,74017500000
Denmark,DNK,1987,72975000000
Denmark,DNK,1988,82357500000
Denmark,DNK,1989,1.1259E+11
Denmark,DNK,1990,1.03208E+11
Denmark,DNK,1991,1.05293E+11
Denmark,DNK,1992,1.34483E+11
Denmark,DNK,1993,1.31355E+11
Denmark,DNK,1994,1.2927E+11
Denmark,DNK,1995,1.251E+11
Denmark,DNK,1996,1.18845E+11
Denmark,DNK,1997,1.15718E+11
Denmark,DNK,1998,1.0842E+11
Denmark,DNK,1999,1.3845E+11
Denmark,DNK,2000,1.404E+11
Denmark,DNK,2001,1.37475E+11
Denmark,DNK,2002,1.25775E+11
Denmark,DNK,2003,1.326E+11
Denmark,DNK,2004,1.287E+11
Denmark,DNK,2005,1.1895E+11
Denmark,DNK,2006,1.17E+11
Denmark,DNK,2007,71931780000
Denmark,DNK,2008,57177614000
Denmark,DNK,2009,66500250000
Denmark,DNK,2010,54031450000
Denmark,DNK,2011,44736467000
Denmark,DNK,2012,39572578000
Denmark,DNK,2013,37985590000
Denmark,DNK,2014,36433680000
Denmark,DNK,2015,17744148000
Denmark,DNK,2016,13568028000
Denmark,DNK,2017,28196104000
Denmark,DNK,2018,29189525000
Denmark,DNK,2019,29640902000
Denmark,DNK,2020,28027957000
Egypt,EGY,1980,80850000000
Egypt,EGY,1981,79887500000
Egypt,EGY,1982,1.95388E+11
Egypt,EGY,1983,1.925E+11
Egypt,EGY,1984,2.26188E+11
Egypt,EGY,1985,2.45438E+11
Egypt,EGY,1986,2.79125E+11
Egypt,EGY,1987,2.95488E+11
Egypt,EGY,1988,3.16663E+11
Egypt,EGY,1989,3.37838E+11
Egypt,EGY,1990,3.64788E+11
Egypt,EGY,1991,3.8115E+11
Egypt,EGY,1992,4.1965E+11
Egypt,EGY,1993,5.72688E+11
Egypt,EGY,1994,6.07338E+11
Egypt,EGY,1995,6.20813E+11
Egypt,EGY,1996,8.17163E+11
Egypt,EGY,1997,8.92238E+11
Egypt,EGY,1998,9.8175E+11
Egypt,EGY,1999,1.17714E+12
Egypt,EGY,2000,1.37926E+12
Egypt,EGY,2001,1.49861E+12
Egypt,EGY,2002,1.59486E+12
Egypt,EGY,2003,1.66012E+12
Egypt,EGY,2004,1.79988E+12
Egypt,EGY,2005,1.82394E+12
Egypt,EGY,2006,1.91056E+12
Egypt,EGY,2007,1.99238E+12
Egypt,EGY,2008,2.06938E+12
Egypt,EGY,2009,2.10788E+12
Egypt,EGY,2010,2.12713E+12
Egypt,EGY,2011,2.10788E+12
Egypt,EGY,2012,2.10306E+12
Egypt,EGY,2013,2.10306E+12
Egypt,EGY,2014,2.10403E+12
Egypt,EGY,2015,2.00778E+12
Egypt,EGY,2016,2.13771E+12
Egypt,EGY,2017,2.13771E+12
Egypt,EGY,2018,2.13771E+12
Egypt,EGY,2019,2.13771E+12
Egypt,EGY,2020,2.13771E+12
Europe,,1980,2.4749E+13
Europe,,1981,2.58641E+13
Europe,,1982,2.63727E+13
Europe,,1983,2.72595E+13
Europe,,1984,2.81513E+13
Europe,,1985,2.9846E+13
Europe,,1986,3.04234E+13
Europe,,1987,3.16116E+13
Europe,,1988,3.25144E+13
Europe,,1989,3.85364E+13
Europe,,1990,4.03952E+13
Europe,,1991,3.89757E+13
Europe,,1992,3.98965E+13
Europe,,1993,3.98067E+13
Europe,,1994,3.95487E+13
Europe,,1995,3.87207E+13
Europe,,1996,3.85207E+13
Europe,,1997,3.90754E+13
Europe,,1998,3.87967E+13
Europe,,1999,3.84568E+13
Europe,,2000,3.85261E+13
Europe,,2001,3.94988E+13
Europe,,2002,3.98504E+13
Europe,,2003,3.98421E+13
Europe,,2004,3.94938E+13
Europe,,2005,3.94564E+13
Europe,,2006,3.92128E+13
Europe,,2007,3.91798E+13
Europe,,2008,3.89787E+13
Europe,,2009,3.88422E+13
Europe,,2010,3.87853E+13
Europe,,2011,3.90616E+13
Europe,,2012,3.94406E+13
Europe,,2013,3.95949E+13
Europe,,2014,3.94272E+13
Europe,,2015,3.91847E+13
Europe,,2016,3.88221E+13
Europe,,2017,4.17912E+13
Europe,,2018,4.10544E+13
Europe,,2019,4.08337E+13
Europe,,2020,4.05603E+13
Europe (BP),,1980,4.27966E+12
Europe (BP),,1981,4.11545E+12
Europe (BP),,1982,3.98436E+12
Europe (BP),,1983,4.23154E+12
Europe (BP),,1984,4.16385E+12
Europe (BP),,1985,4.2594E+12
Europe (BP),,1986,4.19711E+12
Europe (BP),,1987,4.93754E+12
Europe (BP),,1988,5.32865E+12
Europe (BP),,1989,5.27382E+12
Europe (BP),,1990,5.51421E+12
Europe (BP),,1991,5.06518E+12
Europe (BP),,1992,5.16661E+12
Europe (BP),,1993,5.07272E+12
Europe (BP),,1994,5.03933E+12
Europe (BP),,1995,5.01602E+12
Europe (BP),,1996,5.09536E+12
Europe (BP),,1997,5.508E+12
Europe (BP),,1998,5.43269E+12
Europe (BP),,1999,5.50697E+12
Europe (BP),,2000,5.37035E+12
Europe (BP),,2001,6.13721E+12
Europe (BP),,2002,5.93988E+12
Europe (BP),,2003,6.06875E+12
Europe (BP),,2004,5.85772E+12
Europe (BP),,2005,5.6831E+12
Europe (BP),,2006,5.43952E+12
Europe (BP),,2007,5.26923E+12
Europe (BP),,2008,4.99957E+12
Europe (BP),,2009,4.79438E+12
Europe (BP),,2010,4.66888E+12
Europe (BP),,2011,4.60211E+12
Europe (BP),,2012,4.80056E+12
Europe (BP),,2013,4.65093E+12
Europe (BP),,2014,4.37812E+12
Europe (BP),,2015,4.2273E+12
Europe (BP),,2016,3.98883E+12
Europe (BP),,2017,3.90299E+12
Europe (BP),,2018,3.41339E+12
Europe (BP),,2019,3.27696E+12
Europe (BP),,2020,3.16882E+12
European Union (27),,1980,3.09506E+12
European Union (27),,1981,3.00816E+12
European Union (27),,1982,2.92533E+12
European Union (27),,1983,3.0125E+12
European Union (27),,1984,2.96088E+12
European Union (27),,1985,2.96831E+12
European Union (27),,1986,3.01255E+12
European Union (27),,1987,2.95022E+12
European Union (27),,1988,2.91544E+12
European Union (27),,1989,2.89184E+12
European Union (27),,1990,3.19931E+12
European Union (27),,1991,3.1624E+12
European Union (27),,1992,3.08344E+12
European Union (27),,1993,2.99781E+12
European Union (27),,1994,2.94215E+12
European Union (27),,1995,2.87056E+12
European Union (27),,1996,2.80063E+12
European Union (27),,1997,2.77403E+12
European Union (27),,1998,2.67397E+12
European Union (27),,1999,2.66179E+12
European Union (27),,2000,2.54752E+12
European Union (27),,2001,2.47096E+12
European Union (27),,2002,2.36996E+12
European Union (27),,2003,2.23282E+12
European Union (27),,2004,2.14877E+12
European Union (27),,2005,2.05808E+12
European Union (27),,2006,1.94036E+12
European Union (27),,2007,1.82693E+12
European Union (27),,2008,1.7225E+12
European Union (27),,2009,1.73721E+12
European Union (27),,2010,1.63605E+12
European Union (27),,2011,1.5493E+12
European Union (27),,2012,1.29398E+12
European Union (27),,2013,1.21582E+12
European Union (27),,2014,1.10425E+12
European Union (27),,2015,1.08675E+12
European Union (27),,2016,9.8407E+11
European Union (27),,2017,9.46823E+11
European Union (27),,2018,5.05123E+11
European Union (27),,2019,4.46496E+11
European Union (27),,2020,4.41848E+11
Germany,DEU,1980,2.58375E+11
Germany,DEU,1981,2.418E+11
Germany,DEU,1982,2.34975E+11
Germany,DEU,1983,3.12E+11
Germany,DEU,1984,2.9835E+11
Germany,DEU,1985,2.886E+11
Germany,DEU,1986,3.7245E+11
Germany,DEU,1987,3.666E+11
Germany,DEU,1988,3.53925E+11
Germany,DEU,1989,3.42225E+11
Germany,DEU,1990,2.11575E+11
Germany,DEU,1991,1.90125E+11
Germany,DEU,1992,1.9305E+11
Germany,DEU,1993,1.9305E+11
Germany,DEU,1994,2.1645E+11
Germany,DEU,1995,2.11167E+11
Germany,DEU,1996,2.15427E+11
Germany,DEU,1997,2.01297E+11
Germany,DEU,1998,2.00603E+11
Germany,DEU,1999,2.37416E+11
Germany,DEU,2000,2.32053E+11
Germany,DEU,2001,2.23764E+11
Germany,DEU,2002,2.11366E+11
Germany,DEU,2003,1.90705E+11
Germany,DEU,2004,1.76901E+11
Germany,DEU,2005,1.64328E+11
Germany,DEU,2006,1.43226E+11
Germany,DEU,2007,1.3039E+11
Germany,DEU,2008,1.10959E+11
Germany,DEU,2009,86428110000
Germany,DEU,2010,76668680000
Germany,DEU,2011,69898630000
Germany,DEU,2012,62425190000
Germany,DEU,2013,54951750000
Germany,DEU,2014,45016475000
Germany,DEU,2015,40796180000
Germany,DEU,2016,37015498000
Germany,DEU,2017,32619360000
Germany,DEU,2018,26640609000
Germany,DEU,2019,21804854000
Germany,DEU,2020,19659538000
High-income countries,,1980,2.20136E+13
High-income countries,,1981,2.25695E+13
High-income countries,,1982,2.34535E+13
High-income countries,,1983,2.41734E+13
High-income countries,,1984,2.53682E+13
High-income countries,,1985,2.55673E+13
High-income countries,,1986,2.83521E+13
High-income countries,,1987,2.95672E+13
High-income countries,,1988,3.05194E+13
High-income countries,,1989,3.06289E+13
High-income countries,,1990,3.07168E+13
High-income countries,,1991,3.21386E+13
High-income countries,,1992,3.25611E+13
High-income countries,,1993,3.23783E+13
High-income countries,,1994,3.34306E+13
High-income countries,,1995,3.45573E+13
High-income countries,,1996,3.5139E+13
High-income countries,,1997,3.52625E+13
High-income countries,,1998,3.80637E+13
High-income countries,,1999,3.87359E+13
High-income countries,,2000,4.26558E+13
High-income countries,,2001,5.60081E+13
High-income countries,,2002,5.59751E+13
High-income countries,,2003,5.56338E+13
High-income countries,,2004,5.55044E+13
High-income countries,,2005,5.45197E+13
High-income countries,,2006,5.62876E+13
High-income countries,,2007,5.68841E+13
High-income countries,,2008,5.79235E+13
High-income countries,,2009,5.83458E+13
High-income countries,,2010,5.9329E+13
High-income countries,,2011,6.00366E+13
High-income countries,,2012,5.90171E+13
High-income countries,,2013,5.97754E+13
High-income countries,,2014,5.98181E+13
High-income countries,,2015,5.81107E+13
High-income countries,,2016,5.79883E+13
High-income countries,,2017,5.87732E+13
High-income countries,,2018,5.92843E+13
High-income countries,,2019,5.9125E+13
High-income countries,,2020,5.94207E+13
India,IND,1980,3.34425E+11
India,IND,1981,4.00725E+11
India,IND,1982,4.095E+11
India,IND,1983,4.5045E+11
India,IND,1984,4.6605E+11
India,IND,1985,4.68E+11
India,IND,1986,5.27475E+11
India,IND,1987,5.382E+11
India,IND,1988,5.85E+11
India,IND,1989,6.6885E+11
India,IND,1990,6.825E+11
India,IND,1991,7.1175E+11
India,IND,1992,7.16625E+11
India,IND,1993,7.0005E+11
India,IND,1994,6.8445E+11
India,IND,1995,6.50756E+11
India,IND,1996,6.17261E+11
India,IND,1997,6.663E+11
India,IND,1998,6.49457E+11
India,IND,1999,6.23662E+11
India,IND,2000,7.31317E+11
India,IND,2001,7.34339E+11
India,IND,2002,7.22558E+11
India,IND,2003,8.21975E+11
India,IND,2004,8.88388E+11
India,IND,2005,1.07348E+12
India,IND,2006,1.04813E+12
India,IND,2007,1.01544E+12
India,IND,2008,1.04913E+12
India,IND,2009,1.07344E+12
India,IND,2010,1.1055E+12
India,IND,2011,1.23013E+12
India,IND,2012,1.28036E+12
India,IND,2013,1.30396E+12
India,IND,2014,1.37363E+12
India,IND,2015,1.20494E+12
India,IND,2016,1.18137E+12
India,IND,2017,1.24133E+12
India,IND,2018,1.28934E+12
India,IND,2019,1.32887E+12
India,IND,2020,1.32044E+12
Indonesia,IDN,1980,8.3433E+11
Indonesia,IDN,1981,8.76625E+11
Indonesia,IDN,1982,9.744E+11
Indonesia,IDN,1983,1.20714E+12
Indonesia,IDN,1984,1.72451E+12
Indonesia,IDN,1985,2.01193E+12
Indonesia,IDN,1986,2.29898E+12
Indonesia,IDN,1987,2.40251E+12
Indonesia,IDN,1988,2.59901E+12
Indonesia,IDN,1989,2.59099E+12
Indonesia,IDN,1990,2.90655E+12
Indonesia,IDN,1991,1.8676E+12
Indonesia,IDN,1992,1.8473E+12
Indonesia,IDN,1993,1.8473E+12
Indonesia,IDN,1994,1.8473E+12
Indonesia,IDN,1995,1.97925E+12
Indonesia,IDN,1996,2.08075E+12
Indonesia,IDN,1997,2.18428E+12
Indonesia,IDN,1998,2.21372E+12
Indonesia,IDN,1999,2.6593E+12
Indonesia,IDN,2000,2.72223E+12
Indonesia,IDN,2001,2.64205E+12
Indonesia,IDN,2002,2.59536E+12
Indonesia,IDN,2003,2.59536E+12
Indonesia,IDN,2004,2.81054E+12
Indonesia,IDN,2005,2.51517E+12
Indonesia,IDN,2006,2.67148E+12
Indonesia,IDN,2007,3.0469E+12
Indonesia,IDN,2008,3.23257E+12
Indonesia,IDN,2009,3.11559E+12
Indonesia,IDN,2010,3.00953E+12
Indonesia,IDN,2011,3.00953E+12
Indonesia,IDN,2012,2.97044E+12
Indonesia,IDN,2013,2.91842E+12
Indonesia,IDN,2014,2.88163E+12
Indonesia,IDN,2015,2.81639E+12
Indonesia,IDN,2016,2.90923E+12
Indonesia,IDN,2017,2.88479E+12
Indonesia,IDN,2018,2.76092E+12
Indonesia,IDN,2019,1.42955E+12
Indonesia,IDN,2020,1.25227E+12
Iran,IRN,1980,1.33184E+13
Iran,IRN,1981,1.33033E+13
Iran,IRN,1982,1.32882E+13
Iran,IRN,1983,1.32655E+13
Iran,IRN,1984,1.32381E+13
Iran,IRN,1985,1.32098E+13
Iran,IRN,1986,1.31805E+13
Iran,IRN,1987,1.31493E+13
Iran,IRN,1988,1.34119E+13
Iran,IRN,1989,1.60565E+13
Iran,IRN,1990,1.60593E+13
Iran,IRN,1991,1.87011E+13
Iran,IRN,1992,1.95512E+13
Iran,IRN,1993,1.95512E+13
Iran,IRN,1994,1.96116E+13
Iran,IRN,1995,1.82761E+13
Iran,IRN,1996,2.17235E+13
Iran,IRN,1997,2.17235E+13
Iran,IRN,1998,2.27625E+13
Iran,IRN,1999,2.4375E+13
Iran,IRN,2000,2.535E+13
Iran,IRN,2001,2.54475E+13
Iran,IRN,2002,2.60228E+13
Iran,IRN,2003,2.68808E+13
Iran,IRN,2004,2.68125E+13
Iran,IRN,2005,2.60493E+13
Iran,IRN,2006,2.53598E+13
Iran,IRN,2007,2.65688E+13
Iran,IRN,2008,2.79666E+13
Iran,IRN,2009,2.79666E+13
Iran,IRN,2010,3.22627E+13
Iran,IRN,2011,3.27795E+13
Iran,IRN,2012,3.19052E+13
Iran,IRN,2013,3.21319E+13
Iran,IRN,2014,3.21319E+13
Iran,IRN,2015,3.16408E+13
Iran,IRN,2016,3.18497E+13
Iran,IRN,2017,3.19335E+13
Iran,IRN,2018,3.20174E+13
Iran,IRN,2019,3.21014E+13
Iran,IRN,2020,3.21014E+13
Iraq,IRQ,1980,7.3853E+11
Iraq,IRQ,1981,7.34493E+11
Iraq,IRQ,1982,7.74849E+11
Iraq,IRQ,1983,7.8014E+11
Iraq,IRQ,1984,7.771E+11
Iraq,IRQ,1985,7.8014E+11
Iraq,IRQ,1986,7.80131E+11
Iraq,IRQ,1987,9.5E+11
Iraq,IRQ,1988,2.5555E+12
Iraq,IRQ,1989,2.95925E+12
Iraq,IRQ,1990,2.95165E+12
Iraq,IRQ,1991,2.945E+12
Iraq,IRQ,1992,2.945E+12
Iraq,IRQ,1993,2.945E+12
Iraq,IRQ,1994,2.95925E+12
Iraq,IRQ,1995,3.192E+12
Iraq,IRQ,1996,3.192E+12
Iraq,IRQ,1997,3.0286E+12
Iraq,IRQ,1998,3.0286E+12
Iraq,IRQ,1999,3.12075E+12
Iraq,IRQ,2000,2.95355E+12
Iraq,IRQ,2001,2.95355E+12
Iraq,IRQ,2002,3.0305E+12
Iraq,IRQ,2003,3.0115E+12
Iraq,IRQ,2004,3.0115E+12
Iraq,IRQ,2005,3.0115E+12
Iraq,IRQ,2006,3.0115E+12
Iraq,IRQ,2007,3.0115E+12
Iraq,IRQ,2008,3.0115E+12
Iraq,IRQ,2009,3.0115E+12
Iraq,IRQ,2010,3.0001E+12
Iraq,IRQ,2011,3.0001E+12
Iraq,IRQ,2012,3.0001E+12
Iraq,IRQ,2013,3.0001E+12
Iraq,IRQ,2014,3.0001E+12
Iraq,IRQ,2015,3.0001E+12
Iraq,IRQ,2016,3.62891E+12
Iraq,IRQ,2017,3.55691E+12
Iraq,IRQ,2018,3.54288E+12
Iraq,IRQ,2019,3.52853E+12
Iraq,IRQ,2020,3.52853E+12
Israel,ISR,1980,2925000000
Israel,ISR,1981,1950000000
Israel,ISR,1982,975000000
Israel,ISR,1983,975000000
Israel,ISR,1984,975000000
Israel,ISR,1985,975000000
Israel,ISR,1986,975000000
Israel,ISR,1987,975000000
Israel,ISR,1988,975000000
Israel,ISR,1989,975000000
Israel,ISR,1990,975000000
Israel,ISR,1991,975000000
Israel,ISR,1992,975000000
Israel,ISR,1993,975000000
Israel,ISR,1994,975000000
Israel,ISR,1995,975000000
Israel,ISR,1996,975000000
Israel,ISR,1997,975000000
Israel,ISR,1998,975000000
Israel,ISR,1999,1950000000
Israel,ISR,2000,43875000000
Israel,ISR,2001,43875000000
Israel,ISR,2002,43875000000
Israel,ISR,2003,45825000000
Israel,ISR,2004,45825000000
Israel,ISR,2005,43875000000
Israel,ISR,2006,43875000000
Israel,ISR,2007,42900000000
Israel,ISR,2008,42900000000
Israel,ISR,2009,87750000000
Israel,ISR,2010,1.9695E+11
Israel,ISR,2011,1.9695E+11
Israel,ISR,2012,1.9695E+11
Israel,ISR,2013,1.87193E+11
Israel,ISR,2014,1.82436E+11
Israel,ISR,2015,1.73979E+11
Israel,ISR,2016,1.65949E+11
Israel,ISR,2017,4.5569E+11
Israel,ISR,2018,4.12363E+11
Israel,ISR,2019,5.66705E+11
Israel,ISR,2020,5.88558E+11
Italy,ITA,1980,1.53516E+11
Italy,ITA,1981,1.71746E+11
Italy,ITA,1982,1.72706E+11
Italy,ITA,1983,2.26436E+11
Italy,ITA,1984,2.39869E+11
Italy,ITA,1985,2.49464E+11
Italy,ITA,1986,2.54261E+11
Italy,ITA,1987,2.87843E+11
Italy,ITA,1988,3.13748E+11
Italy,ITA,1989,3.15667E+11
Italy,ITA,1990,3.08951E+11
Italy,ITA,1991,3.53087E+11
Italy,ITA,1992,2.88802E+11
Italy,ITA,1993,2.80167E+11
Italy,ITA,1994,2.85924E+11
Italy,ITA,1995,2.84964E+11
Italy,ITA,1996,2.66734E+11
Italy,ITA,1997,2.62896E+11
Italy,ITA,1998,2.54261E+11
Italy,ITA,1999,2.028E+11
Italy,ITA,2000,1.94025E+11
Italy,ITA,2001,1.78425E+11
Italy,ITA,2002,1.677E+11
Italy,ITA,2003,1.31625E+11
Italy,ITA,2004,1.19582E+11
Italy,ITA,2005,1.1191E+11
Italy,ITA,2006,90331696000
Italy,ITA,2007,80404970000
Italy,ITA,2008,66530220000
Italy,ITA,2009,60554236000
Italy,ITA,2010,62881194000
Italy,ITA,2011,59379800000
Italy,ITA,2012,56602314000
Italy,ITA,2013,53533357000
Italy,ITA,2014,51161632000
Italy,ITA,2015,46788704000
Italy,ITA,2016,36303584000
Italy,ITA,2017,42561510000
Italy,ITA,2018,46176247000
Italy,ITA,2019,43600690000
Italy,ITA,2020,42397680000
Kazakhstan,KAZ,1997,1.71323E+12
Kazakhstan,KAZ,1998,1.71323E+12
Kazakhstan,KAZ,1999,1.71323E+12
Kazakhstan,KAZ,2000,1.71323E+12
Kazakhstan,KAZ,2001,1.71323E+12
Kazakhstan,KAZ,2002,1.71323E+12
Kazakhstan,KAZ,2003,1.71323E+12
Kazakhstan,KAZ,2004,1.71323E+12
Kazakhstan,KAZ,2005,1.71323E+12
Kazakhstan,KAZ,2006,1.71323E+12
Kazakhstan,KAZ,2007,1.71323E+12
Kazakhstan,KAZ,2008,1.71323E+12
Kazakhstan,KAZ,2009,1.71323E+12
Kazakhstan,KAZ,2010,1.71323E+12
Kazakhstan,KAZ,2011,1.71323E+12
Kazakhstan,KAZ,2012,1.71323E+12
Kazakhstan,KAZ,2013,1.71323E+12
Kazakhstan,KAZ,2014,1.71323E+12
Kazakhstan,KAZ,2015,1.71323E+12
Kazakhstan,KAZ,2016,2.25712E+12
Kazakhstan,KAZ,2017,2.25712E+12
Kazakhstan,KAZ,2018,2.25712E+12
Kazakhstan,KAZ,2019,2.25712E+12
Kazakhstan,KAZ,2020,2.25712E+12
Kuwait,KWT,1980,1.0013E+12
Kuwait,KWT,1981,9.937E+11
Kuwait,KWT,1982,9.88E+11
Kuwait,KWT,1983,9.842E+11
Kuwait,KWT,1984,9.8591E+11
Kuwait,KWT,1985,9.84675E+11
Kuwait,KWT,1986,1.10865E+12
Kuwait,KWT,1987,1.14475E+12
Kuwait,KWT,1988,1.3091E+12
Kuwait,KWT,1989,1.33E+12
Kuwait,KWT,1990,1.4421E+12
Kuwait,KWT,1991,1.43545E+12
Kuwait,KWT,1992,1.42025E+12
Kuwait,KWT,1993,1.4174E+12
Kuwait,KWT,1994,1.42432E+12
Kuwait,KWT,1995,1.4193E+12
Kuwait,KWT,1996,1.41455E+12
Kuwait,KWT,1997,1.4155E+12
Kuwait,KWT,1998,1.4079E+12
Kuwait,KWT,1999,1.4079E+12
Kuwait,KWT,2000,1.47915E+12
Kuwait,KWT,2001,1.47915E+12
Kuwait,KWT,2002,1.47915E+12
Kuwait,KWT,2003,1.4934E+12
Kuwait,KWT,2004,1.4934E+12
Kuwait,KWT,2005,1.5327E+12
Kuwait,KWT,2006,1.7355E+12
Kuwait,KWT,2007,1.6948E+12
Kuwait,KWT,2008,1.6948E+12
Kuwait,KWT,2009,1.6948E+12
Kuwait,KWT,2010,1.6948E+12
Kuwait,KWT,2011,1.6948E+12
Kuwait,KWT,2012,1.6948E+12
Kuwait,KWT,2013,1.6948E+12
Kuwait,KWT,2014,1.6948E+12
Kuwait,KWT,2015,1.6948E+12
Kuwait,KWT,2016,1.6948E+12
Kuwait,KWT,2017,1.6948E+12
Kuwait,KWT,2018,1.6948E+12
Kuwait,KWT,2019,1.6948E+12
Kuwait,KWT,2020,1.6948E+12
Libya,LBY,1980,6.5075E+11
Libya,LBY,1981,6.3175E+11
Libya,LBY,1982,6.2035E+11
Libya,LBY,1983,6.08E+11
Libya,LBY,1984,5.966E+11
Libya,LBY,1985,5.947E+11
Libya,LBY,1986,6.916E+11
Libya,LBY,1987,6.9065E+11
Libya,LBY,1988,7.8565E+11
Libya,LBY,1989,1.1571E+12
Libya,LBY,1990,1.1476E+12
Libya,LBY,1991,1.24355E+12
Libya,LBY,1992,1.23405E+12
Libya,LBY,1993,1.22455E+12
Libya,LBY,1994,1.2445E+12
Libya,LBY,1995,1.24735E+12
Libya,LBY,1996,1.24545E+12
Libya,LBY,1997,1.2483E+12
Libya,LBY,1998,1.24925E+12
Libya,LBY,1999,1.24925E+12
Libya,LBY,2000,1.2483E+12
Libya,LBY,2001,1.2483E+12
Libya,LBY,2002,1.42785E+12
Libya,LBY,2003,1.41645E+12
Libya,LBY,2004,1.41645E+12
Libya,LBY,2005,1.41645E+12
Libya,LBY,2006,1.349E+12
Libya,LBY,2007,1.463E+12
Libya,LBY,2008,1.463E+12
Libya,LBY,2009,1.47155E+12
Libya,LBY,2010,1.42025E+12
Libya,LBY,2011,1.46965E+12
Libya,LBY,2012,1.47155E+12
Libya,LBY,2013,1.4307E+12
Libya,LBY,2014,1.42966E+12
Libya,LBY,2015,1.42965E+12
Libya,LBY,2016,1.42965E+12
Libya,LBY,2017,1.42965E+12
Libya,LBY,2018,1.42965E+12
Libya,LBY,2019,1.42965E+12
Libya,LBY,2020,1.42965E+12
Low-income countries,,1980,87750000000
Low-income countries,,1981,87750000000
Low-income countries,,1982,1.00425E+11
Low-income countries,,1983,1.014E+11
Low-income countries,,1984,1.014E+11
Low-income countries,,1985,1.209E+11
Low-income countries,,1986,1.55025E+11
Low-income countries,,1987,2.3205E+11
Low-income countries,,1988,2.62275E+11
Low-income countries,,1989,3.46125E+11
Low-income countries,,1990,4.16325E+11
Low-income countries,,1991,5.19684E+11
Low-income countries,,1992,5.19684E+11
Low-income countries,,1993,5.46009E+11
Low-income countries,,1994,5.53809E+11
Low-income countries,,1995,5.53809E+11
Low-income countries,,1996,5.53809E+11
Low-income countries,,1997,5.56734E+11
Low-income countries,,1998,5.56734E+11
Low-income countries,,1999,5.59659E+11
Low-income countries,,2000,5.59659E+11
Low-income countries,,2001,5.59659E+11
Low-income countries,,2002,5.68434E+11
Low-income countries,,2003,6.07434E+11
Low-income countries,,2004,6.07434E+11
Low-income countries,,2005,6.02559E+11
Low-income countries,,2006,5.97684E+11
Low-income countries,,2007,5.92809E+11
Low-income countries,,2008,5.87934E+11
Low-income countries,,2009,5.92324E+11
Low-income countries,,2010,5.84505E+11
Low-income countries,,2011,5.81988E+11
Low-income countries,,2012,5.63214E+11
Low-income countries,,2013,5.59532E+11
Low-income countries,,2014,5.3814E+11
Low-income countries,,2015,5.3555E+11
Low-income countries,,2016,5.35048E+11
Low-income countries,,2017,5.34746E+11
Low-income countries,,2018,5.34646E+11
Low-income countries,,2019,5.34545E+11
Low-income countries,,2020,5.34443E+11
Lower-middle-income countries,,1980,2.00335E+13
Lower-middle-income countries,,1981,2.02138E+13
Lower-middle-income countries,,1982,2.06252E+13
Lower-middle-income countries,,1983,2.07909E+13
Lower-middle-income countries,,1984,2.1286E+13
Lower-middle-income countries,,1985,2.14655E+13
Lower-middle-income countries,,1986,2.28064E+13
Lower-middle-income countries,,1987,2.28679E+13
Lower-middle-income countries,,1988,2.34356E+13
Lower-middle-income countries,,1989,2.69011E+13
Lower-middle-income countries,,1990,2.73536E+13
Lower-middle-income countries,,1991,2.99221E+13
Lower-middle-income countries,,1992,3.08334E+13
Lower-middle-income countries,,1993,3.09431E+13
Lower-middle-income countries,,1994,3.01246E+13
Lower-middle-income countries,,1995,2.95654E+13
Lower-middle-income countries,,1996,3.33355E+13
Lower-middle-income countries,,1997,3.55189E+13
Lower-middle-income countries,,1998,3.68124E+13
Lower-middle-income countries,,1999,3.95338E+13
Lower-middle-income countries,,2000,4.15715E+13
Lower-middle-income countries,,2001,4.23676E+13
Lower-middle-income countries,,2002,4.35076E+13
Lower-middle-income countries,,2003,4.47573E+13
Lower-middle-income countries,,2004,4.52451E+13
Lower-middle-income countries,,2005,4.44202E+13
Lower-middle-income countries,,2006,4.39717E+13
Lower-middle-income countries,,2007,4.59015E+13
Lower-middle-income countries,,2008,4.74673E+13
Lower-middle-income countries,,2009,4.76444E+13
Lower-middle-income countries,,2010,5.1543E+13
Lower-middle-income countries,,2011,5.21522E+13
Lower-middle-income countries,,2012,5.16511E+13
Lower-middle-income countries,,2013,5.19557E+13
Lower-middle-income countries,,2014,5.21271E+13
Lower-middle-income countries,,2015,5.10753E+13
Lower-middle-income countries,,2016,5.16835E+13
Lower-middle-income countries,,2017,5.18572E+13
Lower-middle-income countries,,2018,5.18731E+13
Lower-middle-income countries,,2019,5.07287E+13
Lower-middle-income countries,,2020,4.84497E+13
Malaysia,MYS,1980,5.5782E+11
Malaysia,MYS,1981,6.20473E+11
Malaysia,MYS,1982,6.44709E+11
Malaysia,MYS,1983,6.26532E+11
Malaysia,MYS,1984,6.74231E+11
Malaysia,MYS,1985,6.82739E+11
Malaysia,MYS,1986,6.72039E+11
Malaysia,MYS,1987,6.64949E+11
Malaysia,MYS,1988,6.59663E+11
Malaysia,MYS,1989,7.33919E+11
Malaysia,MYS,1990,7.61249E+11
Malaysia,MYS,1991,8.74051E+11
Malaysia,MYS,1992,9.90075E+11
Malaysia,MYS,1993,1.04035E+12
Malaysia,MYS,1994,1.09192E+12
Malaysia,MYS,1995,1.03391E+12
Malaysia,MYS,1996,1.02875E+12
Malaysia,MYS,1997,1.12157E+12
Malaysia,MYS,1998,1.1061E+12
Malaysia,MYS,1999,1.06356E+12
Malaysia,MYS,2000,1.06356E+12
Malaysia,MYS,2001,1.12544E+12
Malaysia,MYS,2002,1.14735E+12
Malaysia,MYS,2003,1.12183E+12
Malaysia,MYS,2004,1.09824E+12
Malaysia,MYS,2005,1.13382E+12
Malaysia,MYS,2006,1.1464E+12
Malaysia,MYS,2007,1.13459E+12
Malaysia,MYS,2008,1.13405E+12
Malaysia,MYS,2009,1.07801E+12
Malaysia,MYS,2010,1.02727E+12
Malaysia,MYS,2011,1.05117E+12
Malaysia,MYS,2012,1.01832E+12
Malaysia,MYS,2013,1.01801E+12
Malaysia,MYS,2014,1.11056E+12
Malaysia,MYS,2015,1.00224E+12
Malaysia,MYS,2016,9.46681E+11
Malaysia,MYS,2017,9.08231E+11
Malaysia,MYS,2018,9.08231E+11
Malaysia,MYS,2019,9.08231E+11
Malaysia,MYS,2020,9.08231E+11
Mexico,MEX,1980,1.78133E+12
Mexico,MEX,1981,2.08065E+12
Mexico,MEX,1982,2.08065E+12
Mexico,MEX,1983,2.12648E+12
Mexico,MEX,1984,2.1177E+12
Mexico,MEX,1985,2.11283E+12
Mexico,MEX,1986,2.09235E+12
Mexico,MEX,1987,2.06602E+12
Mexico,MEX,1988,2.02605E+12
Mexico,MEX,1989,2.0085E+12
Mexico,MEX,1990,1.97438E+12
Mexico,MEX,1991,1.95878E+12
Mexico,MEX,1992,1.93343E+12
Mexico,MEX,1993,1.92368E+12
Mexico,MEX,1994,1.88858E+12
Mexico,MEX,1995,1.8681E+12
Mexico,MEX,1996,1.76475E+12
Mexico,MEX,1997,1.75208E+12
Mexico,MEX,1998,8.29725E+11
Mexico,MEX,1999,8.39475E+11
Mexico,MEX,2000,8.14125E+11
Mexico,MEX,2001,7.77075E+11
Mexico,MEX,2002,4.134E+11
Mexico,MEX,2003,4.10475E+11
Mexico,MEX,2004,4.08525E+11
Mexico,MEX,2005,4.0392E+11
Mexico,MEX,2006,3.84083E+11
Mexico,MEX,2007,3.63675E+11
Mexico,MEX,2008,3.50025E+11
Mexico,MEX,2009,3.35454E+11
Mexico,MEX,2010,3.50258E+11
Mexico,MEX,2011,3.56967E+11
Mexico,MEX,2012,3.56395E+11
Mexico,MEX,2013,3.44046E+11
Mexico,MEX,2014,3.20913E+11
Mexico,MEX,2015,2.41364E+11
Mexico,MEX,2016,1.95793E+11
Mexico,MEX,2017,1.84834E+11
Mexico,MEX,2018,1.7851E+11
Mexico,MEX,2019,1.7807E+11
Mexico,MEX,2020,1.7807E+11
Middle East (BP),,1980,2.40304E+13
Middle East (BP),,1981,2.4321E+13
Middle East (BP),,1982,2.51904E+13
Middle East (BP),,1983,2.56847E+13
Middle East (BP),,1984,2.67241E+13
Middle East (BP),,1985,2.69874E+13
Middle East (BP),,1986,2.96415E+13
Middle East (BP),,1987,3.0371E+13
Middle East (BP),,1988,3.33807E+13
Middle East (BP),,1989,3.6671E+13
Middle East (BP),,1990,3.68113E+13
Middle East (BP),,1991,4.13815E+13
Middle East (BP),,1992,4.25809E+13
Middle East (BP),,1993,4.30031E+13
Middle East (BP),,1994,4.41005E+13
Middle East (BP),,1995,4.40254E+13
Middle East (BP),,1996,4.7684E+13
Middle East (BP),,1997,4.79027E+13
Middle East (BP),,1998,5.15547E+13
Middle East (BP),,1999,5.37742E+13
Middle East (BP),,2000,5.82502E+13
Middle East (BP),,2001,7.03759E+13
Middle East (BP),,2002,7.12138E+13
Middle East (BP),,2003,7.17449E+13
Middle East (BP),,2004,7.17038E+13
Middle East (BP),,2005,6.97881E+13
Middle East (BP),,2006,7.0943E+13
Middle East (BP),,2007,7.22657E+13
Middle East (BP),,2008,7.37205E+13
Middle East (BP),,2009,7.36263E+13
Middle East (BP),,2010,7.78099E+13
Middle East (BP),,2011,7.84171E+13
Middle East (BP),,2012,7.73888E+13
Middle East (BP),,2013,7.7664E+13
Middle East (BP),,2014,7.76229E+13
Middle East (BP),,2015,7.69718E+13
Middle East (BP),,2016,7.76065E+13
Middle East (BP),,2017,7.53133E+13
Middle East (BP),,2018,7.55685E+13
Middle East (BP),,2019,7.57631E+13
Middle East (BP),,2020,7.58069E+13
Myanmar,MMR,1980,90675000000
Myanmar,MMR,1981,1.4235E+11
Myanmar,MMR,1982,1.4235E+11
Myanmar,MMR,1983,2.38875E+11
Myanmar,MMR,1984,2.535E+11
Myanmar,MMR,1985,2.613E+11
Myanmar,MMR,1986,2.613E+11
Myanmar,MMR,1987,2.613E+11
Myanmar,MMR,1988,2.60325E+11
Myanmar,MMR,1989,2.5935E+11
Myanmar,MMR,1990,2.58375E+11
Myanmar,MMR,1991,2.7105E+11
Myanmar,MMR,1992,2.7105E+11
Myanmar,MMR,1993,2.613E+11
Myanmar,MMR,1994,2.613E+11
Myanmar,MMR,1995,2.613E+11
Myanmar,MMR,1996,2.7495E+11
Myanmar,MMR,1997,2.75925E+11
Myanmar,MMR,1998,2.77875E+11
Myanmar,MMR,1999,2.79825E+11
Myanmar,MMR,2000,2.79825E+11
Myanmar,MMR,2001,3.36375E+11
Myanmar,MMR,2002,4.33875E+11
Myanmar,MMR,2003,3.94875E+11
Myanmar,MMR,2004,4.72875E+11
Myanmar,MMR,2005,5.28585E+11
Myanmar,MMR,2006,5.28585E+11
Myanmar,MMR,2007,4.8576E+11
Myanmar,MMR,2008,3.39253E+11
Myanmar,MMR,2009,3.269E+11
Myanmar,MMR,2010,2.17232E+11
Myanmar,MMR,2011,2.17232E+11
Myanmar,MMR,2012,2.78213E+11
Myanmar,MMR,2013,5.18311E+11
Myanmar,MMR,2014,5.19146E+11
Myanmar,MMR,2015,5.05597E+11
Myanmar,MMR,2016,4.89809E+11
Myanmar,MMR,2017,4.74885E+11
Myanmar,MMR,2018,4.60523E+11
Myanmar,MMR,2019,4.46934E+11
Myanmar,MMR,2020,4.32212E+11
Netherlands,NLD,1980,1.98961E+12
Netherlands,NLD,1981,1.92156E+12
Netherlands,NLD,1982,1.87117E+12
Netherlands,NLD,1983,1.83847E+12
Netherlands,NLD,1984,1.7987E+12
Netherlands,NLD,1985,1.76246E+12
Netherlands,NLD,1986,1.72799E+12
Netherlands,NLD,1987,1.68821E+12
Netherlands,NLD,1988,1.65904E+12
Netherlands,NLD,1989,1.64844E+12
Netherlands,NLD,1990,1.86764E+12
Netherlands,NLD,1991,1.84377E+12
Netherlands,NLD,1992,1.82168E+12
Netherlands,NLD,1993,1.7766E+12
Netherlands,NLD,1994,1.76511E+12
Netherlands,NLD,1995,1.72533E+12
Netherlands,NLD,1996,1.70589E+12
Netherlands,NLD,1997,1.72091E+12
Netherlands,NLD,1998,1.67318E+12
Netherlands,NLD,1999,1.6228E+12
Netherlands,NLD,2000,1.57065E+12
Netherlands,NLD,2001,1.53618E+12
Netherlands,NLD,2002,1.49287E+12
Netherlands,NLD,2003,1.42747E+12
Netherlands,NLD,2004,1.38946E+12
Netherlands,NLD,2005,1.33466E+12
Netherlands,NLD,2006,1.2719E+12
Netherlands,NLD,2007,1.22859E+12
Netherlands,NLD,2008,1.18882E+12
Netherlands,NLD,2009,1.22859E+12
Netherlands,NLD,2010,1.15258E+12
Netherlands,NLD,2011,1.08717E+12
Netherlands,NLD,2012,8.44105E+11
Netherlands,NLD,2013,7.9284E+11
Netherlands,NLD,2014,7.0622E+11
Netherlands,NLD,2015,7.29201E+11
Netherlands,NLD,2016,6.54071E+11
Netherlands,NLD,2017,6.14297E+11
Netherlands,NLD,2018,1.7324E+11
Netherlands,NLD,2019,1.2993E+11
Netherlands,NLD,2020,1.2993E+11
Nigeria,NGA,1980,1.10308E+12
Nigeria,NGA,1981,1.08963E+12
Nigeria,NGA,1982,1.31576E+12
Nigeria,NGA,1983,1.3015E+12
Nigeria,NGA,1984,1.28725E+12
Nigeria,NGA,1985,1.273E+12
Nigeria,NGA,1986,2.28E+12
Nigeria,NGA,1987,2.28665E+12
Nigeria,NGA,1988,2.3522E+12
Nigeria,NGA,1989,2.6904E+12
Nigeria,NGA,1990,2.698E+12
Nigeria,NGA,1991,3.23E+12
Nigeria,NGA,1992,3.53039E+12
Nigeria,NGA,1993,3.49885E+12
Nigeria,NGA,1994,3.2775E+12
Nigeria,NGA,1995,3.3003E+12
Nigeria,NGA,1996,3.30125E+12
Nigeria,NGA,1997,3.30885E+12
Nigeria,NGA,1998,3.3364E+12
Nigeria,NGA,1999,3.3364E+12
Nigeria,NGA,2000,3.9007E+12
Nigeria,NGA,2001,4.40107E+12
Nigeria,NGA,2002,4.74744E+12
Nigeria,NGA,2003,4.92863E+12
Nigeria,NGA,2004,4.96746E+12
Nigeria,NGA,2005,4.89421E+12
Nigeria,NGA,2006,4.94665E+12
Nigeria,NGA,2007,5.0274E+12
Nigeria,NGA,2008,5.0274E+12
Nigeria,NGA,2009,5.0274E+12
Nigeria,NGA,2010,4.91869E+12
Nigeria,NGA,2011,4.91681E+12
Nigeria,NGA,2012,4.86246E+12
Nigeria,NGA,2013,4.8517E+12
Nigeria,NGA,2014,5.05779E+12
Nigeria,NGA,2015,5.02006E+12
Nigeria,NGA,2016,5.20144E+12
Nigeria,NGA,2017,5.34553E+12
Nigeria,NGA,2018,5.39125E+12
Nigeria,NGA,2019,5.47298E+12
Nigeria,NGA,2020,5.47298E+12
Non-OECD (BP),,1980,5.682E+13
Non-OECD (BP),,1981,5.89062E+13
Non-OECD (BP),,1982,6.12027E+13
Non-OECD (BP),,1983,6.25034E+13
Non-OECD (BP),,1984,6.52233E+13
Non-OECD (BP),,1985,6.74987E+13
Non-OECD (BP),,1986,7.34123E+13
Non-OECD (BP),,1987,7.52349E+13
Non-OECD (BP),,1988,7.93035E+13
Non-OECD (BP),,1989,9.01151E+13
Non-OECD (BP),,1990,9.30355E+13
Non-OECD (BP),,1991,9.93567E+13
Non-OECD (BP),,1992,1.01933E+14
Non-OECD (BP),,1993,1.0368E+14
Non-OECD (BP),,1994,1.04595E+14
Non-OECD (BP),,1995,1.04853E+14
Non-OECD (BP),,1996,1.07961E+14
Non-OECD (BP),,1997,1.10999E+14
Non-OECD (BP),,1998,1.15282E+14
Non-OECD (BP),,1999,1.18544E+14
Non-OECD (BP),,2000,1.24421E+14
Non-OECD (BP),,2001,1.37556E+14
Non-OECD (BP),,2002,1.3957E+14
Non-OECD (BP),,2003,1.40245E+14
Non-OECD (BP),,2004,1.40839E+14
Non-OECD (BP),,2005,1.39046E+14
Non-OECD (BP),,2006,1.40972E+14
Non-OECD (BP),,2007,1.47898E+14
Non-OECD (BP),,2008,1.5019E+14
Non-OECD (BP),,2009,1.52637E+14
Non-OECD (BP),,2010,1.62359E+14
Non-OECD (BP),,2011,1.63691E+14
Non-OECD (BP),,2012,1.63434E+14
Non-OECD (BP),,2013,1.63222E+14
Non-OECD (BP),,2014,1.65052E+14
Non-OECD (BP),,2015,1.64732E+14
Non-OECD (BP),,2016,1.67033E+14
Non-OECD (BP),,2017,1.67974E+14
Non-OECD (BP),,2018,1.6888E+14
Non-OECD (BP),,2019,1.70261E+14
Non-OECD (BP),,2020,1.67794E+14
North America,,1980,9.89673E+12
North America,,1981,1.03807E+13
North America,,1982,1.03962E+13
North America,,1983,1.04126E+13
North America,,1984,1.05136E+13
North America,,1985,1.03792E+13
North America,,1986,1.02655E+13
North America,,1987,1.0063E+13
North America,,1988,9.47262E+12
North America,,1989,9.50163E+12
North America,,1990,9.48799E+12
North America,,1991,9.38317E+12
North America,,1992,9.25942E+12
North America,,1993,8.74725E+12
North America,,1994,8.47868E+12
North America,,1995,8.58534E+12
North America,,1996,8.635E+12
North America,,1997,8.57243E+12
North America,,1998,7.54528E+12
North America,,1999,7.66187E+12
North America,,2000,7.82632E+12
North America,,2001,7.9821E+12
North America,,2002,7.69636E+12
North America,,2003,7.63527E+12
North America,,2004,7.72348E+12
North America,,2005,8.03578E+12
North America,,2006,8.15566E+12
North America,,2007,8.85204E+12
North America,,2008,9.0952E+12
North America,,2009,9.78306E+12
North America,,2010,1.0879E+13
North America,,2011,1.16227E+13
North America,,2012,1.09863E+13
North America,,2013,1.17967E+13
North America,,2014,1.2539E+13
North America,,2015,1.09806E+13
North America,,2016,1.12299E+13
North America,,2017,1.43768E+13
North America,,2018,1.52484E+13
North America,,2019,1.50906E+13
North America,,2020,1.54503E+13
North America (BP),,1980,9.60716E+12
North America (BP),,1981,1.00492E+13
North America (BP),,1982,1.00705E+13
North America (BP),,1983,1.01035E+13
North America (BP),,1984,1.02104E+13
North America (BP),,1985,1.00701E+13
North America (BP),,1986,9.96425E+12
North America (BP),,1987,9.76762E+12
North America (BP),,1988,9.18597E+12
North America (BP),,1989,9.20328E+12
North America (BP),,1990,9.22279E+12
North America (BP),,1991,9.13162E+12
North America (BP),,1992,9.01274E+12
North America (BP),,1993,8.50349E+12
North America (BP),,1994,8.1813E+12
North America (BP),,1995,8.22654E+12
North America (BP),,1996,8.17187E+12
North America (BP),,1997,8.04983E+12
North America (BP),,1998,6.98173E+12
North America (BP),,1999,7.05444E+12
North America (BP),,2000,7.2657E+12
North America (BP),,2001,7.40295E+12
North America (BP),,2002,7.10454E+12
North America (BP),,2003,7.09902E+12
North America (BP),,2004,7.1882E+12
North America (BP),,2005,7.5005E+12
North America (BP),,2006,7.66914E+12
North America (BP),,2007,8.36545E+12
North America (BP),,2008,8.65439E+12
North America (BP),,2009,9.36949E+12
North America (BP),,2010,1.04927E+13
North America (BP),,2011,1.12439E+13
North America (BP),,2012,1.06128E+13
North America (BP),,2013,1.14469E+13
North America (BP),,2014,1.22106E+13
North America (BP),,2015,1.06531E+13
North America (BP),,2016,1.09283E+13
North America (BP),,2017,1.4057E+13
North America (BP),,2018,1.4965E+13
North America (BP),,2019,1.47908E+13
North America (BP),,2020,1.51507E+13
Norway,NOR,1980,3.8509E+11
Norway,NOR,1981,3.6921E+11
Norway,NOR,1982,3.42413E+11
Norway,NOR,1983,4.03948E+11
Norway,NOR,1984,3.7715E+11
Norway,NOR,1985,5.4131E+11
Norway,NOR,1986,4.49404E+11
Norway,NOR,1987,1.23755E+12
Norway,NOR,1988,1.71901E+12
Norway,NOR,1989,1.71703E+12
Norway,NOR,1990,1.6675E+12
Norway,NOR,1991,1.26415E+12
Norway,NOR,1992,1.37044E+12
Norway,NOR,1993,1.34464E+12
Norway,NOR,1994,1.33571E+12
Norway,NOR,1995,1.34206E+12
Norway,NOR,1996,1.4689E+12
Norway,NOR,1997,1.1642E+12
Norway,NOR,1998,1.16321E+12
Norway,NOR,1999,1.23765E+12
Norway,NOR,2000,1.24956E+12
Norway,NOR,2001,2.17258E+12
Norway,NOR,2002,2.10112E+12
Norway,NOR,2003,2.44254E+12
Norway,NOR,2004,2.36811E+12
Norway,NOR,2005,2.34032E+12
Norway,NOR,2006,2.28474E+12
Norway,NOR,2007,2.29565E+12
Norway,NOR,2008,2.19839E+12
Norway,NOR,2009,2.03065E+12
Norway,NOR,2010,2.02669E+12
Norway,NOR,2011,2.05448E+12
Norway,NOR,2012,2.07433E+12
Norway,NOR,2013,2.03363E+12
Norway,NOR,2014,1.90759E+12
Norway,NOR,2015,1.84297E+12
Norway,NOR,2016,1.75017E+12
Norway,NOR,2017,1.71617E+12
Norway,NOR,2018,1.60931E+12
Norway,NOR,2019,1.53268E+12
Norway,NOR,2020,1.42918E+12
OECD (BP),,1980,1.40691E+13
OECD (BP),,1981,1.45619E+13
OECD (BP),,1982,1.46027E+13
OECD (BP),,1983,1.4891E+13
OECD (BP),,1984,1.49887E+13
OECD (BP),,1985,1.49069E+13
OECD (BP),,1986,1.49156E+13
OECD (BP),,1987,1.56014E+13
OECD (BP),,1988,1.54491E+13
OECD (BP),,1989,1.53487E+13
OECD (BP),,1990,1.53275E+13
OECD (BP),,1991,1.47935E+13
OECD (BP),,1992,1.49133E+13
OECD (BP),,1993,1.43402E+13
OECD (BP),,1994,1.42294E+13
OECD (BP),,1995,1.42353E+13
OECD (BP),,1996,1.43778E+13
OECD (BP),,1997,1.40397E+13
OECD (BP),,1998,1.324E+13
OECD (BP),,1999,1.33561E+13
OECD (BP),,2000,1.36021E+13
OECD (BP),,2001,1.49257E+13
OECD (BP),,2002,1.43293E+13
OECD (BP),,2003,1.43361E+13
OECD (BP),,2004,1.41806E+13
OECD (BP),,2005,1.43469E+13
OECD (BP),,2006,1.43133E+13
OECD (BP),,2007,1.47743E+13
OECD (BP),,2008,1.57716E+13
OECD (BP),,2009,1.63386E+13
OECD (BP),,2010,1.75816E+13
OECD (BP),,2011,1.82282E+13
OECD (BP),,2012,1.73611E+13
OECD (BP),,2013,1.80767E+13
OECD (BP),,2014,1.81099E+13
OECD (BP),,2015,1.64609E+13
OECD (BP),,2016,1.65025E+13
OECD (BP),,2017,1.9854E+13
OECD (BP),,2018,2.01735E+13
OECD (BP),,2019,2.00063E+13
OECD (BP),,2020,2.02797E+13
Oceania,,1980,1.41336E+11
Oceania,,1981,3.56382E+11
Oceania,,1982,4.9998E+11
Oceania,,1983,4.9062E+11
Oceania,,1984,5.3742E+11
Oceania,,1985,5.53129E+11
Oceania,,1986,7.0386E+11
Oceania,,1987,8.34406E+11
Oceania,,1988,8.06612E+11
Oceania,,1989,7.46439E+11
Oceania,,1990,7.24702E+11
Oceania,,1991,7.43752E+11
Oceania,,1992,7.8765E+11
Oceania,,1993,7.77493E+11
Oceania,,1994,1.01068E+12
Oceania,,1995,9.88835E+11
Oceania,,1996,1.06372E+12
Oceania,,1997,1.16824E+12
Oceania,,1998,1.55434E+12
Oceania,,1999,1.55434E+12
Oceania,,2000,1.72126E+12
Oceania,,2001,2.08318E+12
Oceania,,2002,1.9746E+12
Oceania,,2003,1.86029E+12
Oceania,,2004,1.81412E+12
Oceania,,2005,1.83816E+12
Oceania,,2006,1.85418E+12
Oceania,,2007,1.79035E+12
Oceania,,2008,2.74519E+12
Oceania,,2009,2.90304E+12
Oceania,,2010,3.00911E+12
Oceania,,2011,2.96411E+12
Oceania,,2012,2.96858E+12
Oceania,,2013,2.96937E+12
Oceania,,2014,2.53172E+12
Oceania,,2015,2.52556E+12
Oceania,,2016,2.59208E+12
Oceania,,2017,2.58168E+12
Oceania,,2018,2.57184E+12
Oceania,,2019,2.56562E+12
Oceania,,2020,2.55274E+12
Oman,OMN,1980,78975000000
Oman,OMN,1981,76050000000
Oman,OMN,1982,80925000000
Oman,OMN,1983,1.60875E+11
Oman,OMN,1984,2.09625E+11
Oman,OMN,1985,2.1255E+11
Oman,OMN,1986,2.23275E+11
Oman,OMN,1987,2.652E+11
Oman,OMN,1988,2.75925E+11
Oman,OMN,1989,2.72025E+11
Oman,OMN,1990,2.73E+11
Oman,OMN,1991,90675000000
Oman,OMN,1992,1.4625E+11
Oman,OMN,1993,1.95E+11
Oman,OMN,1994,2.496E+11
Oman,OMN,1995,4.41675E+11
Oman,OMN,1996,6.01575E+11
Oman,OMN,1997,5.2845E+11
Oman,OMN,1998,5.538E+11
Oman,OMN,1999,7.82275E+11
Oman,OMN,2000,8.09608E+11
Oman,OMN,2001,8.91605E+11
Oman,OMN,2002,8.91605E+11
Oman,OMN,2003,9.33075E+11
Oman,OMN,2004,9.37788E+11
Oman,OMN,2005,9.37788E+11
Oman,OMN,2006,9.2365E+11
Oman,OMN,2007,9.2365E+11
Oman,OMN,2008,9.2625E+11
Oman,OMN,2009,4.98806E+11
Oman,OMN,2010,4.90266E+11
Oman,OMN,2011,4.85194E+11
Oman,OMN,2012,4.75591E+11
Oman,OMN,2013,6.64814E+11
Oman,OMN,2014,6.64463E+11
Oman,OMN,2015,6.64463E+11
Oman,OMN,2016,6.64463E+11
Oman,OMN,2017,6.64463E+11
Oman,OMN,2018,6.66348E+11
Oman,OMN,2019,6.66348E+11
Oman,OMN,2020,6.66348E+11
Pakistan,PAK,1980,2.91292E+11
Pakistan,PAK,1981,3.1637E+11
Pakistan,PAK,1982,3.57652E+11
Pakistan,PAK,1983,3.04796E+11
Pakistan,PAK,1984,3.04024E+11
Pakistan,PAK,1985,2.97079E+11
Pakistan,PAK,1986,3.60739E+11
Pakistan,PAK,1987,4.32115E+11
Pakistan,PAK,1988,3.41873E+11
Pakistan,PAK,1989,3.47235E+11
Pakistan,PAK,1990,3.75188E+11
Pakistan,PAK,1991,4.35973E+11
Pakistan,PAK,1992,4.75742E+11
Pakistan,PAK,1993,4.49685E+11
Pakistan,PAK,1994,4.50403E+11
Pakistan,PAK,1995,4.08102E+11
Pakistan,PAK,1996,3.93427E+11
Pakistan,PAK,1997,3.64276E+11
Pakistan,PAK,1998,4.04117E+11
Pakistan,PAK,1999,4.01452E+11
Pakistan,PAK,2000,5.00784E+11
Pakistan,PAK,2001,5.16238E+11
Pakistan,PAK,2002,5.48214E+11
Pakistan,PAK,2003,5.43365E+11
Pakistan,PAK,2004,5.80587E+11
Pakistan,PAK,2005,6.76828E+11
Pakistan,PAK,2006,6.76711E+11
Pakistan,PAK,2007,6.68984E+11
Pakistan,PAK,2008,6.09119E+11
Pakistan,PAK,2009,5.81449E+11
Pakistan,PAK,2010,5.51085E+11
Pakistan,PAK,2011,5.46197E+11
Pakistan,PAK,2012,5.3947E+11
Pakistan,PAK,2013,4.85176E+11
Pakistan,PAK,2014,4.54839E+11
Pakistan,PAK,2015,3.79647E+11
Pakistan,PAK,2016,3.64963E+11
Pakistan,PAK,2017,3.79843E+11
Pakistan,PAK,2018,3.65827E+11
Pakistan,PAK,2019,3.94643E+11
Pakistan,PAK,2020,3.84786E+11
Papua New Guinea,PNG,1980,0
Papua New Guinea,PNG,1981,0
Papua New Guinea,PNG,1982,0
Papua New Guinea,PNG,1983,0
Papua New Guinea,PNG,1984,0
Papua New Guinea,PNG,1985,108988000
Papua New Guinea,PNG,1986,299717000
Papua New Guinea,PNG,1987,585810000
Papua New Guinea,PNG,1988,871904000
Papua New Guinea,PNG,1989,1539455000
Papua New Guinea,PNG,1990,1641631000
Papua New Guinea,PNG,1991,2751946000
Papua New Guinea,PNG,1992,2969922000
Papua New Guinea,PNG,1993,3732838000
Papua New Guinea,PNG,1994,2915428000
Papua New Guinea,PNG,1995,2915428000
Papua New Guinea,PNG,1996,2915428000
Papua New Guinea,PNG,1997,2915428000
Papua New Guinea,PNG,1998,2915428000
Papua New Guinea,PNG,1999,2915428000
Papua New Guinea,PNG,2000,2915428000
Papua New Guinea,PNG,2001,2916282000
Papua New Guinea,PNG,2002,2760928000
Papua New Guinea,PNG,2003,2624653000
Papua New Guinea,PNG,2004,2480202000
Papua New Guinea,PNG,2005,2333025000
Papua New Guinea,PNG,2006,2194025000
Papua New Guinea,PNG,2007,2063201000
Papua New Guinea,PNG,2008,1921475000
Papua New Guinea,PNG,2009,1.49593E+11
Papua New Guinea,PNG,2010,1.4944E+11
Papua New Guinea,PNG,2011,1.4929E+11
Papua New Guinea,PNG,2012,1.49146E+11
Papua New Guinea,PNG,2013,1.48996E+11
Papua New Guinea,PNG,2014,1.4561E+11
Papua New Guinea,PNG,2015,1.3596E+11
Papua New Guinea,PNG,2016,2.02484E+11
Papua New Guinea,PNG,2017,1.92085E+11
Papua New Guinea,PNG,2018,1.82247E+11
Papua New Guinea,PNG,2019,1.76019E+11
Papua New Guinea,PNG,2020,1.63144E+11
Peru,PER,1980,31200000000
Peru,PER,1981,31200000000
Peru,PER,1982,26325000000
Peru,PER,1983,25350000000
Peru,PER,1984,24375000000
Peru,PER,1985,26325000000
Peru,PER,1986,53625000000
Peru,PER,1987,3.315E+11
Peru,PER,1988,3.315E+11
Peru,PER,1989,3.315E+11
Peru,PER,1990,3.30525E+11
Peru,PER,1991,3.34425E+11
Peru,PER,1992,3.1785E+11
Peru,PER,1993,3.237E+11
Peru,PER,1994,3.315E+11
Peru,PER,1995,1.95975E+11
Peru,PER,1996,1.95975E+11
Peru,PER,1997,1.9305E+11
Peru,PER,1998,2.40825E+11
Peru,PER,1999,2.40825E+11
Peru,PER,2000,2.40825E+11
Peru,PER,2001,2.40825E+11
Peru,PER,2002,2.40825E+11
Peru,PER,2003,2.40825E+11
Peru,PER,2004,3.16875E+11
Peru,PER,2005,3.21475E+11
Peru,PER,2006,3.19146E+11
Peru,PER,2007,3.22154E+11
Peru,PER,2008,3.27114E+11
Peru,PER,2009,3.27114E+11
Peru,PER,2010,3.39651E+11
Peru,PER,2011,3.46138E+11
Peru,PER,2012,4.19072E+11
Peru,PER,2013,4.10106E+11
Peru,PER,2014,3.98631E+11
Peru,PER,2015,3.8375E+11
Peru,PER,2016,4.38532E+11
Peru,PER,2017,3.50908E+11
Peru,PER,2018,2.89012E+11
Peru,PER,2019,2.75597E+11
Peru,PER,2020,2.61442E+11
Poland,POL,1980,76700000000
Poland,POL,1981,73750000000
Poland,POL,1982,71537500000
Poland,POL,1983,69325000000
Poland,POL,1984,67112500000
Poland,POL,1985,70800000000
Poland,POL,1986,1.21688E+11
Poland,POL,1987,1.20213E+11
Poland,POL,1988,1.26112E+11
Poland,POL,1989,1.2095E+11
Poland,POL,1990,1.17263E+11
Poland,POL,1991,1.12838E+11
Poland,POL,1992,1.16525E+11
Poland,POL,1993,1.14313E+11
Poland,POL,1994,1.14313E+11
Poland,POL,1995,1.12838E+11
Poland,POL,1996,1.09888E+11
Poland,POL,1997,1.14313E+11
Poland,POL,1998,1.03988E+11
Poland,POL,1999,1.07675E+11
Poland,POL,2000,87762500000
Poland,POL,2001,84812500000
Poland,POL,2002,85550000000
Poland,POL,2003,81125000000
Poland,POL,2004,80387500000
Poland,POL,2005,78175000000
Poland,POL,2006,83337500000
Poland,POL,2007,77041070000
Poland,POL,2008,77663170000
Poland,POL,2009,81450485000
Poland,POL,2010,80503630000
Poland,POL,2011,78808500000
Poland,POL,2012,75903620000
Poland,POL,2013,72474845000
Poland,POL,2014,69704935000
Poland,POL,2015,66877864000
Poland,POL,2016,65391680000
Poland,POL,2017,63697845000
Poland,POL,2018,72251530000
Poland,POL,2019,72260090000
Poland,POL,2020,72260090000
Qatar,QAT,1980,2.898E+12
Qatar,QAT,1981,2.92905E+12
Qatar,QAT,1982,3.25508E+12
Qatar,QAT,1983,3.519E+12
Qatar,QAT,1984,4.4298E+12
Qatar,QAT,1985,4.5954E+12
Qatar,QAT,1986,4.5954E+12
Qatar,QAT,1987,4.5954E+12
Qatar,QAT,1988,4.78274E+12
Qatar,QAT,1989,4.7817E+12
Qatar,QAT,1990,4.77653E+12
Qatar,QAT,1991,6.65298E+12
Qatar,QAT,1992,6.94796E+12
Qatar,QAT,1993,7.31745E+12
Qatar,QAT,1994,7.31745E+12
Qatar,QAT,1995,8.7975E+12
Qatar,QAT,1996,8.7975E+12
Qatar,QAT,1997,8.7975E+12
Qatar,QAT,1998,1.12815E+13
Qatar,QAT,1999,1.15475E+13
Qatar,QAT,2000,1.49485E+13
Qatar,QAT,2001,2.66854E+13
Qatar,QAT,2002,2.66854E+13
Qatar,QAT,2003,2.623E+13
Qatar,QAT,2004,2.62486E+13
Qatar,QAT,2005,2.49951E+13
Qatar,QAT,2006,2.64368E+13
Qatar,QAT,2007,2.63562E+13
Qatar,QAT,2008,2.62529E+13
Qatar,QAT,2009,2.62078E+13
Qatar,QAT,2010,2.59237E+13
Qatar,QAT,2011,2.59237E+13
Qatar,QAT,2012,2.57587E+13
Qatar,QAT,2013,2.55419E+13
Qatar,QAT,2014,2.53865E+13
Qatar,QAT,2015,2.51495E+13
Qatar,QAT,2016,2.4915E+13
Qatar,QAT,2017,2.46961E+13
Qatar,QAT,2018,2.4681E+13
Qatar,QAT,2019,2.46655E+13
Qatar,QAT,2020,2.46655E+13
Romania,ROU,1980,2.925E+11
Romania,ROU,1981,2.73E+11
Romania,ROU,1982,2.48625E+11
Romania,ROU,1983,2.2425E+11
Romania,ROU,1984,2.0475E+11
Romania,ROU,1985,2.6325E+11
Romania,ROU,1986,2.29125E+11
Romania,ROU,1987,1.9305E+11
Romania,ROU,1988,1.60875E+11
Romania,ROU,1989,1.29675E+11
Romania,ROU,1990,3.79275E+11
Romania,ROU,1991,3.549E+11
Romania,ROU,1992,3.32475E+11
Romania,ROU,1993,3.12E+11
Romania,ROU,1994,2.925E+11
Romania,ROU,1995,2.73E+11
Romania,ROU,1996,2.5545E+11
Romania,ROU,1997,2.3985E+11
Romania,ROU,1998,2.25225E+11
Romania,ROU,1999,2.106E+11
Romania,ROU,2000,1.9695E+11
Romania,ROU,2001,1.84275E+11
Romania,ROU,2002,1.7355E+11
Romania,ROU,2003,1.60875E+11
Romania,ROU,2004,1.482E+11
Romania,ROU,2005,1.39425E+11
Romania,ROU,2006,1.2675E+11
Romania,ROU,2007,1.17E+11
Romania,ROU,2008,1.10175E+11
Romania,ROU,2009,1.092E+11
Romania,ROU,2010,1.0725E+11
Romania,ROU,2011,1.08713E+11
Romania,ROU,2012,1.16123E+11
Romania,ROU,2013,1.10175E+11
Romania,ROU,2014,1.06275E+11
Romania,ROU,2015,1.00425E+11
Romania,ROU,2016,96924750000
Romania,ROU,2017,89592750000
Romania,ROU,2018,84825000000
Romania,ROU,2019,78867750000
Romania,ROU,2020,78867750000
Russia,RUS,1991,3.39106E+13
Russia,RUS,1992,3.47299E+13
Russia,RUS,1993,3.4734E+13
Russia,RUS,1994,3.45094E+13
Russia,RUS,1995,3.37047E+13
Russia,RUS,1996,3.34253E+13
Russia,RUS,1997,3.35674E+13
Russia,RUS,1998,3.3364E+13
Russia,RUS,1999,3.29498E+13
Russia,RUS,2000,3.31557E+13
Russia,RUS,2001,3.33616E+13
Russia,RUS,2002,3.39106E+13
Russia,RUS,2003,3.37733E+13
Russia,RUS,2004,3.36361E+13
Russia,RUS,2005,3.37733E+13
Russia,RUS,2006,3.37733E+13
Russia,RUS,2007,3.39106E+13
Russia,RUS,2008,3.39792E+13
Russia,RUS,2009,3.40478E+13
Russia,RUS,2010,3.41164E+13
Russia,RUS,2011,3.44595E+13
Russia,RUS,2012,3.46401E+13
Russia,RUS,2013,3.4944E+13
Russia,RUS,2014,3.50491E+13
Russia,RUS,2015,3.49574E+13
Russia,RUS,2016,3.48333E+13
Russia,RUS,2017,3.78882E+13
Russia,RUS,2018,3.7641E+13
Russia,RUS,2019,3.75567E+13
Russia,RUS,2020,3.73915E+13
Saudi Arabia,SAU,1980,3.02407E+12
Saudi Arabia,SAU,1981,3.17878E+12
Saudi Arabia,SAU,1982,3.26056E+12
Saudi Arabia,SAU,1983,3.36677E+12
Saudi Arabia,SAU,1984,3.42761E+12
Saudi Arabia,SAU,1985,3.50265E+12
Saudi Arabia,SAU,1986,3.81995E+12
Saudi Arabia,SAU,1987,3.98003E+12
Saudi Arabia,SAU,1988,4.769E+12
Saudi Arabia,SAU,1989,4.95748E+12
Saudi Arabia,SAU,1990,4.96157E+12
Saudi Arabia,SAU,1991,4.95957E+12
Saudi Arabia,SAU,1992,4.98636E+12
Saudi Arabia,SAU,1993,4.98636E+12
Saudi Arabia,SAU,1994,4.997E+12
Saudi Arabia,SAU,1995,5.26728E+12
Saudi Arabia,SAU,1996,5.40864E+12
Saudi Arabia,SAU,1997,5.5879E+12
Saudi Arabia,SAU,1998,5.7646E+12
Saudi Arabia,SAU,1999,5.8387E+12
Saudi Arabia,SAU,2000,5.98595E+12
Saudi Arabia,SAU,2001,6.13278E+12
Saudi Arabia,SAU,2002,6.3137E+12
Saudi Arabia,SAU,2003,6.4163E+12
Saudi Arabia,SAU,2004,6.41915E+12
Saudi Arabia,SAU,2005,6.4809E+12
Saudi Arabia,SAU,2006,6.71935E+12
Saudi Arabia,SAU,2007,6.93922E+12
Saudi Arabia,SAU,2008,7.07497E+12
Saudi Arabia,SAU,2009,7.40316E+12
Saudi Arabia,SAU,2010,7.50538E+12
Saudi Arabia,SAU,2011,7.60223E+12
Saudi Arabia,SAU,2012,7.66141E+12
Saudi Arabia,SAU,2013,7.75825E+12
Saudi Arabia,SAU,2014,7.9089E+12
Saudi Arabia,SAU,2015,8.00574E+12
Saudi Arabia,SAU,2016,8.03533E+12
Saudi Arabia,SAU,2017,5.65104E+12
Saudi Arabia,SAU,2018,5.89276E+12
Saudi Arabia,SAU,2019,5.98455E+12
Saudi Arabia,SAU,2020,6.01912E+12
South America,,1980,2.50686E+12
South America,,1981,2.66425E+12
South America,,1982,2.80406E+12
South America,,1983,2.89764E+12
South America,,1984,2.99523E+12
South America,,1985,3.08977E+12
South America,,1986,4.10448E+12
South America,,1987,4.61193E+12
South America,,1988,4.74337E+12
South America,,1989,4.78136E+12
South America,,1990,5.23804E+12
South America,,1991,5.40422E+12
South America,,1992,5.49754E+12
South America,,1993,5.50453E+12
South America,,1994,5.84396E+12
South America,,1995,5.90654E+12
South America,,1996,5.91115E+12
South America,,1997,6.08429E+12
South America,,1998,6.19049E+12
South America,,1999,6.2333E+12
South America,,2000,6.23896E+12
South America,,2001,6.29365E+12
South America,,2002,6.22425E+12
South America,,2003,6.15525E+12
South America,,2004,6.3179E+12
South America,,2005,6.21485E+12
South America,,2006,6.70596E+12
South America,,2007,6.8672E+12
South America,,2008,7.06037E+12
South America,,2009,7.14518E+12
South America,,2010,7.72091E+12
South America,,2011,7.74602E+12
South America,,2012,7.8807E+12
South America,,2013,7.87808E+12
South America,,2014,7.89175E+12
South America,,2015,7.93507E+12
South America,,2016,7.97734E+12
South America,,2017,7.81049E+12
South America,,2018,7.70254E+12
South America,,2019,7.63879E+12
South America,,2020,7.59789E+12
South and Central America (BP),,1980,2.79643E+12
South and Central America (BP),,1981,2.99575E+12
South and Central America (BP),,1982,3.12971E+12
South and Central America (BP),,1983,3.20672E+12
South and Central America (BP),,1984,3.29845E+12
South and Central America (BP),,1985,3.39884E+12
South and Central America (BP),,1986,4.40575E+12
South and Central America (BP),,1987,4.90735E+12
South and Central America (BP),,1988,5.03002E+12
South and Central America (BP),,1989,5.07971E+12
South and Central America (BP),,1990,5.50324E+12
South and Central America (BP),,1991,5.65577E+12
South and Central America (BP),,1992,5.74422E+12
South and Central America (BP),,1993,5.74828E+12
South and Central America (BP),,1994,6.14134E+12
South and Central America (BP),,1995,6.26534E+12
South and Central America (BP),,1996,6.37428E+12
South and Central America (BP),,1997,6.60689E+12
South and Central America (BP),,1998,6.75404E+12
South and Central America (BP),,1999,6.84072E+12
South and Central America (BP),,2000,6.79959E+12
South and Central America (BP),,2001,6.8728E+12
South and Central America (BP),,2002,6.81607E+12
South and Central America (BP),,2003,6.6915E+12
South and Central America (BP),,2004,6.85317E+12
South and Central America (BP),,2005,6.75013E+12
South and Central America (BP),,2006,7.19248E+12
South and Central America (BP),,2007,7.35379E+12
South and Central America (BP),,2008,7.50118E+12
South and Central America (BP),,2009,7.55874E+12
South and Central America (BP),,2010,8.10717E+12
South and Central America (BP),,2011,8.12475E+12
South and Central America (BP),,2012,8.25427E+12
South and Central America (BP),,2013,8.22782E+12
South and Central America (BP),,2014,8.2202E+12
South and Central America (BP),,2015,8.26254E+12
South and Central America (BP),,2016,8.27897E+12
South and Central America (BP),,2017,8.13023E+12
South and Central America (BP),,2018,7.98593E+12
South and Central America (BP),,2019,7.93856E+12
South and Central America (BP),,2020,7.89748E+12
Syria,SYR,1980,87750000000
Syria,SYR,1981,87750000000
Syria,SYR,1982,1.00425E+11
Syria,SYR,1983,1.014E+11
Syria,SYR,1984,1.014E+11
Syria,SYR,1985,1.209E+11
Syria,SYR,1986,1.3845E+11
Syria,SYR,1987,1.21875E+11
Syria,SYR,1988,1.10175E+11
Syria,SYR,1989,1.53075E+11
Syria,SYR,1990,1.7745E+11
Syria,SYR,1991,1.95E+11
Syria,SYR,1992,1.95E+11
Syria,SYR,1993,2.21325E+11
Syria,SYR,1994,2.29125E+11
Syria,SYR,1995,2.29125E+11
Syria,SYR,1996,2.29125E+11
Syria,SYR,1997,2.3205E+11
Syria,SYR,1998,2.3205E+11
Syria,SYR,1999,2.34975E+11
Syria,SYR,2000,2.34975E+11
Syria,SYR,2001,2.34975E+11
Syria,SYR,2002,2.4375E+11
Syria,SYR,2003,2.8275E+11
Syria,SYR,2004,2.8275E+11
Syria,SYR,2005,2.77875E+11
Syria,SYR,2006,2.73E+11
Syria,SYR,2007,2.68125E+11
Syria,SYR,2008,2.6325E+11
Syria,SYR,2009,2.68612E+11
Syria,SYR,2010,2.68612E+11
Syria,SYR,2011,2.77875E+11
Syria,SYR,2012,2.68612E+11
Syria,SYR,2013,2.77875E+11
Syria,SYR,2014,2.68612E+11
Syria,SYR,2015,2.68612E+11
Syria,SYR,2016,2.68612E+11
Syria,SYR,2017,2.68612E+11
Syria,SYR,2018,2.68612E+11
Syria,SYR,2019,2.68612E+11
Syria,SYR,2020,2.68612E+11
Thailand,THA,1980,2.847E+11
Thailand,THA,1981,3.9195E+11
Thailand,THA,1982,3.4125E+11
Thailand,THA,1983,1.638E+11
Thailand,THA,1984,2.0475E+11
Thailand,THA,1985,2.1255E+11
Thailand,THA,1986,1.989E+11
Thailand,THA,1987,1.794E+11
Thailand,THA,1988,1.90125E+11
Thailand,THA,1989,2.23275E+11
Thailand,THA,1990,2.184E+11
Thailand,THA,1991,2.3985E+11
Thailand,THA,1992,2.25225E+11
Thailand,THA,1993,1.76475E+11
Thailand,THA,1994,1.70625E+11
Thailand,THA,1995,1.716E+11
Thailand,THA,1996,1.911E+11
Thailand,THA,1997,1.99875E+11
Thailand,THA,1998,4.095E+11
Thailand,THA,1999,3.36375E+11
Thailand,THA,2000,3.51E+11
Thailand,THA,2001,3.6855E+11
Thailand,THA,2002,4.29975E+11
Thailand,THA,2003,4.0755E+11
Thailand,THA,2004,3.4515E+11
Thailand,THA,2005,2.964E+11
Thailand,THA,2006,3.22725E+11
Thailand,THA,2007,3.2824E+11
Thailand,THA,2008,3.51685E+11
Thailand,THA,2009,3.23257E+11
Thailand,THA,2010,3.10069E+11
Thailand,THA,2011,2.94859E+11
Thailand,THA,2012,2.64905E+11
Thailand,THA,2013,2.46613E+11
Thailand,THA,2014,2.2718E+11
Thailand,THA,2015,2.14064E+11
Thailand,THA,2016,2.00169E+11
Thailand,THA,2017,1.87862E+11
Thailand,THA,2018,1.7754E+11
Thailand,THA,2019,1.43084E+11
Thailand,THA,2020,1.43084E+11
Trinidad and Tobago,TTO,1980,2.89575E+11
Trinidad and Tobago,TTO,1981,3.315E+11
Trinidad and Tobago,TTO,1982,3.2565E+11
Trinidad and Tobago,TTO,1983,3.09075E+11
Trinidad and Tobago,TTO,1984,3.03225E+11
Trinidad and Tobago,TTO,1985,3.09075E+11
Trinidad and Tobago,TTO,1986,3.01275E+11
Trinidad and Tobago,TTO,1987,2.95425E+11
Trinidad and Tobago,TTO,1988,2.8665E+11
Trinidad and Tobago,TTO,1989,2.7885E+11
Trinidad and Tobago,TTO,1990,2.457E+11
Trinidad and Tobago,TTO,1991,2.3205E+11
Trinidad and Tobago,TTO,1992,2.27175E+11
Trinidad and Tobago,TTO,1993,2.2425E+11
Trinidad and Tobago,TTO,1994,2.7885E+11
Trinidad and Tobago,TTO,1995,3.40275E+11
Trinidad and Tobago,TTO,1996,4.446E+11
Trinidad and Tobago,TTO,1997,5.04075E+11
Trinidad and Tobago,TTO,1998,5.46E+11
Trinidad and Tobago,TTO,1999,5.89875E+11
Trinidad and Tobago,TTO,2000,5.43075E+11
Trinidad and Tobago,TTO,2001,5.616E+11
Trinidad and Tobago,TTO,2002,5.74275E+11
Trinidad and Tobago,TTO,2003,5.187E+11
Trinidad and Tobago,TTO,2004,5.187E+11
Trinidad and Tobago,TTO,2005,5.1675E+11
Trinidad and Tobago,TTO,2006,4.68E+11
Trinidad and Tobago,TTO,2007,4.68066E+11
Trinidad and Tobago,TTO,2008,4.23261E+11
Trinidad and Tobago,TTO,2009,3.9699E+11
Trinidad and Tobago,TTO,2010,3.70663E+11
Trinidad and Tobago,TTO,2011,3.65073E+11
Trinidad and Tobago,TTO,2012,3.60915E+11
Trinidad and Tobago,TTO,2013,3.37067E+11
Trinidad and Tobago,TTO,2014,3.16771E+11
Trinidad and Tobago,TTO,2015,3.16771E+11
Trinidad and Tobago,TTO,2016,2.91904E+11
Trinidad and Tobago,TTO,2017,3.09529E+11
Trinidad and Tobago,TTO,2018,2.73178E+11
Trinidad and Tobago,TTO,2019,2.89564E+11
Trinidad and Tobago,TTO,2020,2.89866E+11
Turkmenistan,TKM,1997,1.75793E+12
Turkmenistan,TKM,1998,1.81545E+12
Turkmenistan,TKM,1999,1.81545E+12
Turkmenistan,TKM,2000,1.81545E+12
Turkmenistan,TKM,2001,1.81545E+12
Turkmenistan,TKM,2002,1.81545E+12
Turkmenistan,TKM,2003,1.81545E+12
Turkmenistan,TKM,2004,1.81545E+12
Turkmenistan,TKM,2005,1.81545E+12
Turkmenistan,TKM,2006,1.81545E+12
Turkmenistan,TKM,2007,5.71253E+12
Turkmenistan,TKM,2008,5.71253E+12
Turkmenistan,TKM,2009,7.91018E+12
Turkmenistan,TKM,2010,1.36013E+13
Turkmenistan,TKM,2011,1.36013E+13
Turkmenistan,TKM,2012,1.36013E+13
Turkmenistan,TKM,2013,1.36013E+13
Turkmenistan,TKM,2014,1.36013E+13
Turkmenistan,TKM,2015,1.36013E+13
Turkmenistan,TKM,2016,1.36013E+13
Turkmenistan,TKM,2017,1.36013E+13
Turkmenistan,TKM,2018,1.36013E+13
Turkmenistan,TKM,2019,1.36013E+13
Turkmenistan,TKM,2020,1.36013E+13
USSR,OWID_USS,1980,2.04693E+13
USSR,OWID_USS,1981,2.17486E+13
USSR,OWID_USS,1982,2.23883E+13
USSR,OWID_USS,1983,2.3028E+13
USSR,OWID_USS,1984,2.39875E+13
USSR,OWID_USS,1985,2.55866E+13
USSR,OWID_USS,1986,2.62263E+13
USSR,OWID_USS,1987,2.66741E+13
USSR,OWID_USS,1988,2.71858E+13
USSR,OWID_USS,1989,3.32626E+13
USSR,OWID_USS,1990,3.4881E+13
USSR,OWID_USS,1991,2.41504E+12
USSR,OWID_USS,1992,2.39094E+12
USSR,OWID_USS,1993,3.41042E+12
USSR,OWID_USS,1994,3.85133E+12
USSR,OWID_USS,1995,4.12997E+12
USSR,OWID_USS,1996,3.93934E+12
Ukraine,UKR,1997,7.42596E+11
Ukraine,UKR,1998,7.95639E+11
Ukraine,UKR,1999,7.88566E+11
Ukraine,UKR,2000,7.8503E+11
Ukraine,UKR,2001,7.8503E+11
Ukraine,UKR,2002,7.8503E+11
Ukraine,UKR,2003,7.81494E+11
Ukraine,UKR,2004,7.8503E+11
Ukraine,UKR,2005,7.77958E+11
Ukraine,UKR,2006,7.76529E+11
Ukraine,UKR,2007,7.76529E+11
Ukraine,UKR,2008,7.61451E+11
Ukraine,UKR,2009,7.46373E+11
Ukraine,UKR,2010,7.30198E+11
Ukraine,UKR,2011,7.29083E+11
Ukraine,UKR,2012,1.16502E+12
Ukraine,UKR,2013,1.13724E+12
Ukraine,UKR,2014,1.13823E+12
Ukraine,UKR,2015,1.06959E+12
Ukraine,UKR,2016,1.05014E+12
Ukraine,UKR,2017,1.03169E+12
Ukraine,UKR,2018,1.09121E+12
Ukraine,UKR,2019,1.09121E+12
Ukraine,UKR,2020,1.09121E+12
United Arab Emirates,ARE,1980,2.31075E+12
United Arab Emirates,ARE,1981,2.46578E+12
United Arab Emirates,ARE,1982,2.89868E+12
United Arab Emirates,ARE,1983,2.97278E+12
United Arab Emirates,ARE,1984,3.0303E+12
United Arab Emirates,ARE,1985,3.0693E+12
United Arab Emirates,ARE,1986,5.27885E+12
United Arab Emirates,ARE,1987,5.5419E+12
United Arab Emirates,ARE,1988,5.52143E+12
United Arab Emirates,ARE,1989,5.50875E+12
United Arab Emirates,ARE,1990,5.48243E+12
United Arab Emirates,ARE,1991,5.64818E+12
United Arab Emirates,ARE,1992,5.65013E+12
United Arab Emirates,ARE,1993,5.65013E+12
United Arab Emirates,ARE,1994,6.60758E+12
United Arab Emirates,ARE,1995,5.71253E+12
United Arab Emirates,ARE,1996,5.6394E+12
United Arab Emirates,ARE,1997,5.91143E+12
United Arab Emirates,ARE,1998,5.8461E+12
United Arab Emirates,ARE,1999,5.84513E+12
United Arab Emirates,ARE,2000,5.84415E+12
United Arab Emirates,ARE,2001,5.90655E+12
United Arab Emirates,ARE,2002,5.90265E+12
United Arab Emirates,ARE,2003,5.89583E+12
United Arab Emirates,ARE,2004,5.90168E+12
United Arab Emirates,ARE,2005,5.9085E+12
United Arab Emirates,ARE,2006,5.88998E+12
United Arab Emirates,ARE,2007,5.92313E+12
United Arab Emirates,ARE,2008,5.93775E+12
United Arab Emirates,ARE,2009,5.93873E+12
United Arab Emirates,ARE,2010,5.93873E+12
United Arab Emirates,ARE,2011,5.93873E+12
United Arab Emirates,ARE,2012,5.93873E+12
United Arab Emirates,ARE,2013,5.93873E+12
United Arab Emirates,ARE,2014,5.93873E+12
United Arab Emirates,ARE,2015,5.93873E+12
United Arab Emirates,ARE,2016,5.93873E+12
United Arab Emirates,ARE,2017,5.93873E+12
United Arab Emirates,ARE,2018,5.93873E+12
United Arab Emirates,ARE,2019,5.93873E+12
United Arab Emirates,ARE,2020,5.93873E+12
United Kingdom,GBR,1980,7.20525E+11
United Kingdom,GBR,1981,6.474E+11
United Kingdom,GBR,1982,6.17175E+11
United Kingdom,GBR,1983,6.942E+11
United Kingdom,GBR,1984,7.06875E+11
United Kingdom,GBR,1985,6.318E+11
United Kingdom,GBR,1986,6.1815E+11
United Kingdom,GBR,1987,6.279E+11
United Kingdom,GBR,1988,5.7525E+11
United Kingdom,GBR,1989,5.46E+11
United Kingdom,GBR,1990,5.31375E+11
United Kingdom,GBR,1991,5.265E+11
United Kingdom,GBR,1992,5.9475E+11
United Kingdom,GBR,1993,6.1425E+11
United Kingdom,GBR,1994,6.435E+11
United Kingdom,GBR,1995,6.825E+11
United Kingdom,GBR,1996,7.41E+11
United Kingdom,GBR,1997,7.45875E+11
United Kingdom,GBR,1998,7.36125E+11
United Kingdom,GBR,1999,7.562E+11
United Kingdom,GBR,2000,7.31325E+11
United Kingdom,GBR,2001,6.51725E+11
United Kingdom,GBR,2002,6.2685E+11
United Kingdom,GBR,2003,5.8705E+11
United Kingdom,GBR,2004,5.28345E+11
United Kingdom,GBR,2005,4.78595E+11
United Kingdom,GBR,2006,4.0994E+11
United Kingdom,GBR,2007,3.41285E+11
United Kingdom,GBR,2008,2.9054E+11
United Kingdom,GBR,2009,2.5472E+11
United Kingdom,GBR,2010,2.51327E+11
United Kingdom,GBR,2011,2.448E+11
United Kingdom,GBR,2012,2.4278E+11
United Kingdom,GBR,2013,2.39795E+11
United Kingdom,GBR,2014,2.0497E+11
United Kingdom,GBR,2015,2.05965E+11
United Kingdom,GBR,2016,1.83958E+11
United Kingdom,GBR,2017,1.86979E+11
United Kingdom,GBR,2018,1.86979E+11
United Kingdom,GBR,2019,1.86979E+11
United Kingdom,GBR,2020,1.86979E+11
United States,USA,1980,5.39613E+12
United States,USA,1981,5.46958E+12
United States,USA,1982,5.46367E+12
United States,USA,1983,5.42937E+12
United States,USA,1984,5.35389E+12
United States,USA,1985,5.24289E+12
United States,USA,1986,5.19455E+12
United States,USA,1987,5.07592E+12
United States,USA,1988,4.5557E+12
United States,USA,1989,4.53108E+12
United States,USA,1990,4.59154E+12
United States,USA,1991,4.52962E+12
United States,USA,1992,4.47412E+12
United States,USA,1993,4.40362E+12
United States,USA,1994,4.44218E+12
United States,USA,1995,4.47767E+12
United States,USA,1996,4.51367E+12
United States,USA,1997,4.53398E+12
United States,USA,1998,4.44771E+12
United States,USA,1999,4.53894E+12
United States,USA,2000,4.81065E+12
United States,USA,2001,4.97422E+12
United States,USA,2002,5.06874E+12
United States,USA,2003,5.12562E+12
United States,USA,2004,5.21968E+12
United States,USA,2005,5.54157E+12
United States,USA,2006,5.72323E+12
United States,USA,2007,6.44556E+12
United States,USA,2008,6.63345E+12
United States,USA,2009,7.38864E+12
United States,USA,2010,8.25942E+12
United States,USA,2011,9.05769E+12
United States,USA,2012,8.3519E+12
United States,USA,2013,9.17148E+12
United States,USA,2014,9.99681E+12
United States,USA,2015,8.3436E+12
United States,USA,2016,8.73686E+12
United States,USA,2017,1.18881E+13
United States,USA,2018,1.2874E+13
United States,USA,2019,1.26187E+13
United States,USA,2020,1.26187E+13
Upper-middle-income countries,,1980,2.63101E+13
Upper-middle-income countries,,1981,2.80263E+13
Upper-middle-income countries,,1982,2.88528E+13
Upper-middle-income countries,,1983,2.93146E+13
Upper-middle-income countries,,1984,3.03232E+13
Upper-middle-income countries,,1985,3.1997E+13
Upper-middle-income countries,,1986,3.26739E+13
Upper-middle-income countries,,1987,3.35233E+13
Upper-middle-income countries,,1988,3.58083E+13
Upper-middle-income countries,,1989,4.27103E+13
Upper-middle-income countries,,1990,4.4505E+13
Upper-middle-income countries,,1991,4.37151E+13
Upper-middle-income countries,,1992,4.49554E+13
Upper-middle-income countries,,1993,4.5207E+13
Upper-middle-income countries,,1994,4.50437E+13
Upper-middle-income countries,,1995,4.43347E+13
Upper-middle-income countries,,1996,4.347E+13
Upper-middle-income countries,,1997,4.77273E+13
Upper-middle-income countries,,1998,4.70966E+13
Upper-middle-income countries,,1999,4.70265E+13
Upper-middle-income countries,,2000,4.70204E+13
Upper-middle-income countries,,2001,4.72533E+13
Upper-middle-income countries,,2002,4.75874E+13
Upper-middle-income countries,,2003,4.73691E+13
Upper-middle-income countries,,2004,4.73401E+13
Upper-middle-income countries,,2005,4.74159E+13
Upper-middle-income countries,,2006,4.7562E+13
Upper-middle-income countries,,2007,5.22737E+13
Upper-middle-income countries,,2008,5.28011E+13
Upper-middle-income countries,,2009,5.50887E+13
Upper-middle-income countries,,2010,6.0686E+13
Upper-middle-income countries,,2011,6.12974E+13
Upper-middle-income countries,,2012,6.16981E+13
Upper-middle-income countries,,2013,6.11354E+13
Upper-middle-income countries,,2014,6.2811E+13
Upper-middle-income countries,,2015,6.35446E+13
Upper-middle-income countries,,2016,6.52525E+13
Upper-middle-income countries,,2017,6.86764E+13
Upper-middle-income countries,,2018,6.94127E+13
Upper-middle-income countries,,2019,7.17064E+13
Upper-middle-income countries,,2020,7.15003E+13
Uzbekistan,UZB,1997,8.6385E+11
Uzbekistan,UZB,1998,8.6385E+11
Uzbekistan,UZB,1999,9.13575E+11
Uzbekistan,UZB,2000,9.13575E+11
Uzbekistan,UZB,2001,9.13575E+11
Uzbekistan,UZB,2002,9.1845E+11
Uzbekistan,UZB,2003,9.1845E+11
Uzbekistan,UZB,2004,9.13575E+11
Uzbekistan,UZB,2005,9.243E+11
Uzbekistan,UZB,2006,9.243E+11
Uzbekistan,UZB,2007,9.1845E+11
Uzbekistan,UZB,2008,8.853E+11
Uzbekistan,UZB,2009,8.736E+11
Uzbekistan,UZB,2010,8.736E+11
Uzbekistan,UZB,2011,8.736E+11
Uzbekistan,UZB,2012,8.45325E+11
Uzbekistan,UZB,2013,8.45325E+11
Uzbekistan,UZB,2014,8.45325E+11
Uzbekistan,UZB,2015,8.45325E+11
Uzbekistan,UZB,2016,8.45325E+11
Uzbekistan,UZB,2017,8.45325E+11
Uzbekistan,UZB,2018,8.45325E+11
Uzbekistan,UZB,2019,8.45325E+11
Uzbekistan,UZB,2020,8.45325E+11
Venezuela,VEN,1980,1.40128E+12
Venezuela,VEN,1981,1.51526E+12
Venezuela,VEN,1982,1.63305E+12
Venezuela,VEN,1983,1.73419E+12
Venezuela,VEN,1984,1.84959E+12
Venezuela,VEN,1985,1.92563E+12
Venezuela,VEN,1986,2.91042E+12
Venezuela,VEN,1987,3.15018E+12
Venezuela,VEN,1988,3.17016E+12
Venezuela,VEN,1989,3.3219E+12
Venezuela,VEN,1990,3.80619E+12
Venezuela,VEN,1991,3.9758E+12
Venezuela,VEN,1992,4.09923E+12
Venezuela,VEN,1993,4.09923E+12
Venezuela,VEN,1994,4.40121E+12
Venezuela,VEN,1995,4.51182E+12
Venezuela,VEN,1996,4.49717E+12
Venezuela,VEN,1997,4.57409E+12
Venezuela,VEN,1998,4.60369E+12
Venezuela,VEN,1999,4.60918E+12
Venezuela,VEN,2000,4.60918E+12
Venezuela,VEN,2001,4.6398E+12
Venezuela,VEN,2002,4.64091E+12
Venezuela,VEN,2003,4.68309E+12
Venezuela,VEN,2004,4.76124E+12
Venezuela,VEN,2005,4.78592E+12
Venezuela,VEN,2006,5.22549E+12
Venezuela,VEN,2007,5.37231E+12
Venezuela,VEN,2008,5.53138E+12
Venezuela,VEN,2009,5.62241E+12
Venezuela,VEN,2010,6.1322E+12
Venezuela,VEN,2011,6.13654E+12
Venezuela,VEN,2012,6.17334E+12
Venezuela,VEN,2013,6.19484E+12
Venezuela,VEN,2014,6.23504E+12
Venezuela,VEN,2015,6.32874E+12
Venezuela,VEN,2016,6.37114E+12
Venezuela,VEN,2017,6.33641E+12
Venezuela,VEN,2018,6.29657E+12
Venezuela,VEN,2019,6.26017E+12
Venezuela,VEN,2020,6.26017E+12
Vietnam,VNM,1980,0
Vietnam,VNM,1981,0
Vietnam,VNM,1982,0
Vietnam,VNM,1983,0
Vietnam,VNM,1984,0
Vietnam,VNM,1985,0
Vietnam,VNM,1986,0
Vietnam,VNM,1987,0
Vietnam,VNM,1988,0
Vietnam,VNM,1989,0
Vietnam,VNM,1990,14625000000
Vietnam,VNM,1991,14625000000
Vietnam,VNM,1992,1.0335E+11
Vietnam,VNM,1993,1.0335E+11
Vietnam,VNM,1994,1.3065E+11
Vietnam,VNM,1995,1.43325E+11
Vietnam,VNM,1996,1.66725E+11
Vietnam,VNM,1997,1.6575E+11
Vietnam,VNM,1998,1.6575E+11
Vietnam,VNM,1999,1.6575E+11
Vietnam,VNM,2000,1.6575E+11
Vietnam,VNM,2001,1.88175E+11
Vietnam,VNM,2002,2.2425E+11
Vietnam,VNM,2003,2.145E+11
Vietnam,VNM,2004,2.145E+11
Vietnam,VNM,2005,2.145E+11
Vietnam,VNM,2006,2.145E+11
Vietnam,VNM,2007,4.99745E+11
Vietnam,VNM,2008,5.83036E+11
Vietnam,VNM,2009,7.13921E+11
Vietnam,VNM,2010,6.45929E+11
Vietnam,VNM,2011,6.45929E+11
Vietnam,VNM,2012,6.45929E+11
Vietnam,VNM,2013,6.45929E+11
Vietnam,VNM,2014,6.45929E+11
Vietnam,VNM,2015,6.45929E+11
Vietnam,VNM,2016,6.45929E+11
Vietnam,VNM,2017,6.45929E+11
Vietnam,VNM,2018,6.45929E+11
Vietnam,VNM,2019,6.45929E+11
Vietnam,VNM,2020,6.45929E+11
World,OWID_WRL,1980,7.08891E+13
World,OWID_WRL,1981,7.34682E+13
World,OWID_WRL,1982,7.58054E+13
World,OWID_WRL,1983,7.73944E+13
World,OWID_WRL,1984,8.0212E+13
World,OWID_WRL,1985,8.24056E+13
World,OWID_WRL,1986,8.83279E+13
World,OWID_WRL,1987,9.08363E+13
World,OWID_WRL,1988,9.47525E+13
World,OWID_WRL,1989,1.05464E+14
World,OWID_WRL,1990,1.08363E+14
World,OWID_WRL,1991,1.1415E+14
World,OWID_WRL,1992,1.16846E+14
World,OWID_WRL,1993,1.1802E+14
World,OWID_WRL,1994,1.18824E+14
World,OWID_WRL,1995,1.19088E+14
World,OWID_WRL,1996,1.22339E+14
World,OWID_WRL,1997,1.25039E+14
World,OWID_WRL,1998,1.28522E+14
World,OWID_WRL,1999,1.319E+14
World,OWID_WRL,2000,1.38023E+14
World,OWID_WRL,2001,1.52482E+14
World,OWID_WRL,2002,1.539E+14
World,OWID_WRL,2003,1.54581E+14
World,OWID_WRL,2004,1.5502E+14
World,OWID_WRL,2005,1.53393E+14
World,OWID_WRL,2006,1.55285E+14
World,OWID_WRL,2007,1.62672E+14
World,OWID_WRL,2008,1.65962E+14
World,OWID_WRL,2009,1.68976E+14
World,OWID_WRL,2010,1.79941E+14
World,OWID_WRL,2011,1.81919E+14
World,OWID_WRL,2012,1.80795E+14
World,OWID_WRL,2013,1.81299E+14
World,OWID_WRL,2014,1.83162E+14
World,OWID_WRL,2015,1.81193E+14
World,OWID_WRL,2016,1.83536E+14
World,OWID_WRL,2017,1.87828E+14
World,OWID_WRL,2018,1.89053E+14
World,OWID_WRL,2019,1.90267E+14
World,OWID_WRL,2020,1.88074E+14
Yemen,YEM,1980,0
Yemen,YEM,1981,0
Yemen,YEM,1982,0
Yemen,YEM,1983,0
Yemen,YEM,1984,0
Yemen,YEM,1985,0
Yemen,YEM,1986,16575000000
Yemen,YEM,1987,1.10175E+11
Yemen,YEM,1988,1.521E+11
Yemen,YEM,1989,1.9305E+11
Yemen,YEM,1990,2.38875E+11
Yemen,YEM,1991,3.24684E+11
Yemen,YEM,1992,3.24684E+11
Yemen,YEM,1993,3.24684E+11
Yemen,YEM,1994,3.24684E+11
Yemen,YEM,1995,3.24684E+11
Yemen,YEM,1996,3.24684E+11
Yemen,YEM,1997,3.24684E+11
Yemen,YEM,1998,3.24684E+11
Yemen,YEM,1999,3.24684E+11
Yemen,YEM,2000,3.24684E+11
Yemen,YEM,2001,3.24684E+11
Yemen,YEM,2002,3.24684E+11
Yemen,YEM,2003,3.24684E+11
Yemen,YEM,2004,3.24684E+11
Yemen,YEM,2005,3.24684E+11
Yemen,YEM,2006,3.24684E+11
Yemen,YEM,2007,3.24684E+11
Yemen,YEM,2008,3.24684E+11
Yemen,YEM,2009,3.23712E+11
Yemen,YEM,2010,3.15892E+11
Yemen,YEM,2011,3.04113E+11
Yemen,YEM,2012,2.94602E+11
Yemen,YEM,2013,2.81657E+11
Yemen,YEM,2014,2.69528E+11
Yemen,YEM,2015,2.66938E+11
Yemen,YEM,2016,2.66435E+11
Yemen,YEM,2017,2.66134E+11
Yemen,YEM,2018,2.66033E+11
Yemen,YEM,2019,2.65933E+11
Yemen,YEM,2020,2.65831E+11
